jobID,Calc,Real,Guess,pNFound,GuessDiff,CalcDiff
679,27,2,1.95,0%,3%,1250%
974,15,2,1.95,0%,3%,650%
5879,1.5,2,1.95,0%,3%,25%
7207,2.5,2,1.95,0%,3%,25%
7586,3.5,2,1.95,0%,3%,75%
14509,4,2,1.95,0%,3%,100%
15011,2,2,1.95,0%,3%,0%
15918,3,2,1.95,0%,3%,50%
20484,8,2,1.95,0%,3%,300%
24661,15,2,1.95,0%,3%,650%
27516,2,2,1.95,0%,3%,0%
28017,2,2,1.95,0%,3%,0%
29262,12,2,1.95,0%,3%,500%
36009,4,2,1.95,0%,3%,100%
38127,5,2,1.95,0%,3%,150%
38828,32,2,1.95,0%,3%,1500%
44229,8,2,1.95,0%,3%,300%
44269,2.5,2,1.95,0%,3%,25%
44723,16.5,2,1.95,0%,3%,725%
45049,10,2,1.95,0%,3%,400%
47743,13,2,1.95,0%,3%,550%
176,2,3,1.95,0%,35%,33%
9048,20,3,1.95,0%,35%,567%
9713,15,3,1.95,0%,35%,400%
15899,3,3,1.95,0%,35%,0%
20943,10,3,1.95,0%,35%,233%
23850,5,3,1.95,0%,35%,67%
27629,3,3,1.95,0%,35%,0%
29879,11,3,1.95,0%,35%,267%
30540,2,3,1.95,0%,35%,33%
30730,10,3,1.95,0%,35%,233%
30877,3,3,1.95,0%,35%,0%
30882,4,3,1.95,0%,35%,33%
31003,4,3,1.95,0%,35%,33%
31011,7,3,1.95,0%,35%,133%
31121,3.5,3,1.95,0%,35%,17%
33396,3,3,1.95,0%,35%,0%
35722,3,3,1.95,0%,35%,0%
36503,3,3,1.95,0%,35%,0%
38175,3,3,1.95,0%,35%,0%
39131,2,3,1.95,0%,35%,33%
41108,10,3,1.95,0%,35%,233%
43538,3,3,1.95,0%,35%,0%
43711,3,3,1.95,0%,35%,0%
44123,2.5,3,1.95,0%,35%,17%
46699,4,3,1.95,0%,35%,33%
186,4,4,1.95,0%,51%,0%
3653,20,4,1.95,0%,51%,400%
15442,11,4,1.95,0%,51%,175%
21377,12,4,1.95,0%,51%,200%
26307,8,4,1.95,0%,51%,100%
26585,6,4,1.95,0%,51%,50%
26705,5,4,1.95,0%,51%,25%
28505,6,4,1.95,0%,51%,50%
28549,7,4,1.95,0%,51%,75%
28608,6,4,1.95,0%,51%,50%
29389,5,4,1.95,0%,51%,25%
29401,4,4,1.95,0%,51%,0%
30697,3,4,1.95,0%,51%,25%
30953,6,4,1.95,0%,51%,50%
30962,4,4,1.95,0%,51%,0%
31882,4,4,1.95,0%,51%,0%
35496,6,4,1.95,0%,51%,50%
36917,10,4,1.95,0%,51%,150%
39618,6.5,4,1.95,0%,51%,63%
39667,4,4,1.95,0%,51%,0%
39688,7,4,1.95,0%,51%,75%
40937,8,4,1.95,0%,51%,100%
41920,3.5,4,1.95,0%,51%,13%
43148,6,4,1.95,0%,51%,50%
46507,6.5,4,1.95,0%,51%,63%
47749,6.5,4,1.95,0%,51%,63%
153,6,5,1.95,0%,61%,20%
12204,5,5,1.95,0%,61%,0%
14038,7,5,1.95,0%,61%,40%
25789,4,5,1.95,0%,61%,20%
26057,4.5,5,1.95,0%,61%,10%
26195,4,5,1.95,0%,61%,20%
26839,11,5,1.95,0%,61%,120%
27322,5,5,1.95,0%,61%,0%
27693,5,5,1.95,0%,61%,0%
27910,4,5,1.95,0%,61%,20%
27943,5,5,1.95,0%,61%,0%
27985,6,5,1.95,0%,61%,20%
28148,7,5,1.95,0%,61%,40%
29006,3,5,1.95,0%,61%,40%
29573,1,5,1.95,0%,61%,80%
30340,6,5,1.95,0%,61%,20%
30851,4,5,1.95,0%,61%,20%
31032,4,5,1.95,0%,61%,20%
33173,78,5,1.95,0%,61%,1460%
34749,5,5,1.95,0%,61%,0%
36838,28,5,1.95,0%,61%,460%
5592,30,6,1.95,0%,68%,400%
17455,3,6,1.95,0%,68%,50%
26165,11,6,1.95,0%,68%,83%
27525,8,6,1.95,0%,68%,33%
34044,6,6,1.95,0%,68%,0%
36322,1,6,1.95,0%,68%,83%
304,120,7,1.95,0%,72%,1614%
26183,5,7,1.95,0%,72%,29%
27726,4,7,1.95,0%,72%,43%
28075,15,7,1.95,0%,72%,114%
33500,6,7,1.95,0%,72%,14%
34333,3,7,1.95,0%,72%,57%
34612,2,7,1.95,0%,72%,71%
36620,5.5,7,1.95,0%,72%,21%
2551,8,8,1.95,0%,76%,0%
2556,16,8,1.95,0%,76%,100%
9683,35,8,1.95,0%,76%,338%
975,4,9,1.95,0%,78%,56%
2555,8,9,1.95,0%,78%,11%
6984,14,9,1.95,0%,78%,56%
25892,6,9,1.95,0%,78%,33%
27824,10,9,1.95,0%,78%,11%
212,23,11,1.95,0%,82%,109%
2441,6,11,1.95,0%,82%,45%
20654,4.5,11,1.95,0%,82%,59%
36440,6,12,1.95,0%,84%,50%
48812,46.17,12,1.95,0%,84%,285%
32420,40,14,1.95,0%,86%,186%
29610,12,15,1.95,0%,87%,20%
43791,30,15,1.95,0%,87%,100%
136,36,16,1.95,0%,88%,125%
5629,80,18,1.95,0%,89%,344%
33017,31,18,1.95,0%,89%,72%
36000,14,18,1.95,0%,89%,22%
19467,16.5,19,1.95,0%,90%,13%
10087,15,21,1.95,0%,91%,29%
20161,5,22,1.95,0%,91%,77%
29679,16,22,1.95,0%,91%,27%
45141,50,23,1.95,0%,92%,117%
22633,10,26,1.95,0%,93%,62%
19134,40,28,1.95,0%,93%,43%
41719,21,30,1.95,0%,94%,30%
13303,1.3,1,1.95,0%,95%,30%
20035,30,1,1.95,0%,95%,2900%
20713,55.5,1,1.95,0%,95%,5450%
21260,73.5,1,1.95,0%,95%,7250%
22040,4.5,1,1.95,0%,95%,350%
22499,2,1,1.95,0%,95%,100%
26253,33.5,1,1.95,0%,95%,3250%
28164,2.5,1,1.95,0%,95%,150%
30866,5,1,1.95,0%,95%,400%
31666,2,1,1.95,0%,95%,100%
32470,42,1,1.95,0%,95%,4100%
33006,4,1,1.95,0%,95%,300%
35117,40,1,1.95,0%,95%,3900%
38608,72,1,1.95,0%,95%,7100%
41253,6,1,1.95,0%,95%,500%
45432,1.5,1,1.95,0%,95%,50%
48416,1.5,1,1.95,0%,95%,50%
29067,37.5,40,1.95,0%,95%,6%
4469,25,41,1.95,0%,95%,39%
8717,30,51,1.95,0%,96%,41%
40025,20,51,1.95,0%,96%,61%
14049,30,69,1.95,0%,97%,57%
30510,47,75,1.95,0%,97%,37%
41476,15,94,1.95,0%,98%,84%
12640,197.6,137,1.95,0%,99%,44%
39729,6.5,1,2.08,11%,108%,550%
32829,3,2,2.17,14%,9%,50%
23200,5,8,2.08,14%,74%,38%
33970,3,1,2.08,14%,108%,200%
46022,5.5,3,2.17,17%,28%,83%
25527,14,5,2.08,17%,58%,180%
27059,9,10,2.08,17%,79%,10%
48272,40,8,2.12,20%,74%,400%
27378,5,20,2.26,20%,89%,75%
1288,25,50,2.24,20%,96%,50%
31547,4,2,2.22,25%,11%,100%
29555,36,3,2.15,25%,28%,1100%
26543,5,8,2.01,25%,75%,38%
10548,90,41,2.17,25%,95%,120%
22422,29.5,60,2.21,25%,96%,51%
38505,4,4,2.41,29%,40%,0%
29645,21,4,2.22,29%,45%,425%
26016,12,13,2.2,29%,83%,8%
1219,30,2,2.1,33%,5%,1400%
9887,2,2,2.45,33%,23%,0%
38661,4,3,2.28,33%,24%,33%
33580,21,4,2.25,33%,44%,425%
20773,15,7,2.33,33%,67%,114%
26544,7.5,7,2.2,33%,69%,7%
35590,2,8,2.24,33%,72%,75%
23482,40,10,2.24,33%,78%,300%
27837,9,13,2.17,33%,83%,31%
39947,22,18,2.08,33%,88%,22%
35854,4,1,2.08,33%,108%,300%
36330,1.5,1,2.08,33%,108%,50%
47284,7.5,1,2.08,33%,108%,650%
7363,1.5,1,2.13,33%,113%,50%
21741,6,1,2.26,33%,126%,500%
18192,5,6,2.92,35%,51%,17%
32764,3,3,2.19,40%,27%,0%
24846,3,4,1.74,40%,57%,25%
33595,14.5,8,2.38,40%,70%,81%
20531,15.5,11,3.15,40%,71%,41%
46267,32,7,1.66,40%,76%,357%
25240,43.5,1,2.27,40%,127%,4250%
41338,1,1,2.7,40%,170%,0%
23859,11,6,2.76,42%,54%,83%
31676,85,3,2.42,43%,19%,2733%
27606,17,5,2.37,43%,53%,240%
19767,180.27,130,201,43%,55%,39%
48204,1,1,2.4,43%,140%,0%
17014,3,6,7.67,44%,28%,50%
3444,16,12,3,44%,75%,33%
3733,64,2,2.08,50%,4%,3100%
14767,3,2,2.08,50%,4%,50%
2759,50,2,2.09,50%,4%,2400%
30465,2.5,2,2.54,50%,27%,25%
25640,4,3,2.15,50%,28%,33%
36768,2,2,2.57,50%,29%,0%
38709,20,4,2.86,50%,29%,400%
17031,7,3,2.13,50%,29%,133%
23912,5,2,2.59,50%,30%,150%
8011,3,3,2.08,50%,31%,0%
24735,3.5,3,2.08,50%,31%,17%
44882,42,4,2.24,50%,44%,950%
11467,20,4,2.17,50%,46%,400%
19226,4,4,2.17,50%,46%,0%
47719,2,4,2.17,50%,46%,50%
43215,15,4,2.12,50%,47%,275%
28779,2.5,6,2.35,50%,61%,58%
164,8,6,2.17,50%,64%,33%
1639,3,7,2.24,50%,68%,57%
7146,15,8,2.41,50%,70%,88%
42781,30,8,2.29,50%,71%,275%
4757,31,10,2.38,50%,76%,210%
985,41,10,2.17,50%,78%,310%
34224,11.5,15,3.23,50%,78%,23%
35543,90,2,3.63,50%,82%,4400%
5751,88,18,2.51,50%,86%,389%
30135,10,10,1.37,50%,86%,0%
25340,10,28,2.42,50%,91%,64%
37111,1,1,1.93,50%,93%,0%
2542,75.5,56,2.55,50%,95%,35%
20249,90,70,2.34,50%,97%,29%
21942,31,69,2.13,50%,97%,55%
17976,86,70,2.13,50%,97%,23%
26073,4,2,0,50%,100%,100%
44556,15,1,2.1,50%,110%,1400%
25641,1,1,2.19,50%,119%,0%
5275,25,1,2.24,50%,124%,2400%
29260,2.5,1,2.24,50%,124%,150%
36461,45,94,4.19,52%,96%,52%
13507,15,3,2.74,53%,9%,400%
12241,4,4,2.85,56%,29%,0%
44927,7.5,6,2.33,56%,61%,25%
37417,21,24,1.99,56%,92%,13%
40399,3,4,4.16,57%,4%,25%
26929,4,4,2.84,57%,29%,0%
35881,4,6,3.2,57%,47%,33%
24307,2.5,2,2.94,57%,47%,25%
8741,3.5,2,3.1,57%,55%,75%
25622,4,8,2.91,57%,64%,50%
22747,1,1,2.7,57%,170%,0%
41456,3,8,2.93,58%,63%,63%
17227,54,41,0.7,58%,98%,32%
44598,14,3,2.21,60%,26%,367%
40885,32,4,2.41,60%,40%,700%
34558,4.5,4,2.32,60%,42%,13%
21227,185.45,17,2.61,60%,85%,991%
17324,37.5,34,4.17,60%,88%,10%
27913,7,12,1.45,60%,88%,42%
2763,54.5,102,5.22,60%,95%,47%
47409,3.5,3,3.28,62%,9%,17%
7593,13,8,3.55,62%,56%,63%
5169,7.5,7,3.02,62%,57%,7%
17850,8,10,3.81,62%,62%,20%
39357,5,4,1.49,62%,63%,25%
3734,11,15,2.63,62%,82%,27%
9778,75,84,2.7,62%,97%,11%
48157,2,2,0,62%,100%,0%
27701,32,1,2.66,62%,166%,3100%
31689,23.88,4,15.83,62%,296%,497%
10982,40,31,25.44,63%,18%,29%
12259,2.5,2,3.73,64%,87%,25%
13181,2.5,2,9.56,64%,378%,25%
34465,27.5,11,4.6,65%,58%,150%
4663,15,3,3.1,67%,3%,400%
17712,20.5,3,3.1,67%,3%,583%
44809,8,2,1.93,67%,4%,300%
35461,3,3,2.81,67%,6%,0%
11026,3,3,3.3,67%,10%,0%
9633,2,4,3.4,67%,15%,50%
31033,3,3,2.54,67%,15%,0%
6831,3,3,2.51,67%,16%,0%
2050,3,5,5.87,67%,17%,40%
1004,14,2,2.35,67%,18%,600%
48783,11,2,2.38,67%,19%,450%
20376,1.5,3,2.32,67%,23%,50%
38199,20.5,2,2.57,67%,29%,925%
30270,14,9,5.8,67%,36%,56%
35664,2,1,0.63,67%,37%,100%
22028,1.5,2,2.81,67%,41%,25%
26063,2.5,3,4.25,67%,42%,17%
39725,36,6,3.31,67%,45%,500%
23802,12,2,2.9,67%,45%,500%
38589,1.5,5,2.75,67%,45%,70%
42195,11,2,3.11,67%,56%,450%
35159,5,12,3.58,67%,70%,58%
45692,10,11,3.26,67%,70%,9%
22174,8,16,4.72,67%,71%,50%
22918,14,63,15.5,67%,75%,78%
15731,11,15,3.61,67%,76%,27%
35338,12,23,4.91,67%,79%,48%
4258,2,17,2.19,67%,87%,88%
39884,57,15,1.91,67%,87%,280%
27233,30,28,1.06,67%,96%,7%
26975,15,4,0,67%,100%,275%
23746,14,6,0,67%,100%,133%
7038,80,1,2.57,67%,157%,7900%
25639,89.5,1,2.64,67%,164%,8850%
6684,7.5,16,2.4,68%,85%,53%
29490,2,2,3.06,69%,53%,0%
24431,21,41,4.9,69%,88%,49%
30534,48,34,2.31,69%,93%,41%
40846,38,6,2.6,70%,57%,533%
29217,2.5,4,3.28,71%,18%,38%
19477,1.73,2,2.7,71%,35%,14%
7856,3,2,2.96,71%,48%,50%
193,22.5,2,3.05,71%,53%,1025%
39540,10,8,3.23,71%,60%,25%
29298,2,2,3.22,71%,61%,0%
21338,21,10,3.34,71%,67%,110%
27385,5.5,10,3.14,71%,69%,45%
29663,2.5,4,8.96,71%,124%,38%
6795,7.5,1,3.08,71%,208%,650%
27340,55,2,1.92,72%,4%,2650%
2581,30,41,31.01,72%,24%,27%
20776,30.5,51,14.54,72%,71%,40%
24762,8,6,14.97,72%,150%,33%
18690,8.5,2,8.71,72%,336%,325%
19497,31,5,3.47,73%,31%,520%
26703,4.47,6,11.89,73%,98%,26%
32168,124,234,0,74%,100%,47%
43188,4,3,2.98,75%,1%,33%
1893,3,3,2.51,75%,16%,0%
43662,4,2,2.39,75%,20%,100%
12586,3,2,2.6,75%,30%,50%
7769,4,4,2.6,75%,35%,0%
14216,4,4,5.45,75%,36%,0%
42371,4,4,5.58,75%,40%,0%
19631,2.5,5,2.81,75%,44%,50%
26072,5.5,8,4.17,75%,48%,31%
8106,5,5,2.49,75%,50%,0%
7066,14,5,2.33,75%,53%,180%
30913,2.5,2,3.13,75%,57%,25%
19444,3.5,6,2.55,75%,58%,42%
17441,4,5,2.06,75%,59%,20%
30724,7,11,3.92,75%,64%,36%
33353,45,19,31.66,75%,67%,137%
36771,19.5,12,2.66,75%,78%,63%
45394,5,2,3.56,75%,78%,150%
1946,25.5,17,2.9,75%,83%,50%
24605,25.5,21,2.97,75%,86%,21%
2615,4,17,2.14,75%,87%,76%
29315,2.5,56,3.11,75%,94%,96%
19535,30,36,1.17,75%,97%,17%
46396,3,2,4.33,75%,117%,50%
23283,2.5,1,2.38,75%,138%,150%
46199,1,1,2.6,75%,160%,0%
43828,8,2,8.8,75%,340%,300%
40959,4,6,4.71,77%,22%,33%
5389,4,31,7.43,77%,76%,87%
5512,25,46,2.91,77%,94%,46%
9379,72,75,4.12,77%,95%,4%
18271,15,24,27.43,78%,14%,38%
8993,21,26,17.34,78%,33%,19%
40173,15,11,6,78%,45%,36%
44664,15,6,3.26,78%,46%,150%
38860,5,4,5.85,78%,46%,25%
19703,2.5,8,4.12,78%,49%,69%
14096,95,107,25.79,78%,76%,11%
31157,19,4,7.48,78%,87%,375%
1859,20,5,0,78%,100%,300%
16102,6,2,4.12,78%,106%,200%
22302,70,59,71.85,79%,22%,19%
39527,22,236,164.03,79%,30%,91%
9227,61,13,7.82,79%,40%,369%
25368,12,9,13.22,79%,47%,33%
777,8,12,4.33,79%,64%,33%
24408,41.5,25,6.85,79%,73%,66%
14511,40.65,65,3.52,79%,95%,37%
32218,3,3,3.01,80%,0%,0%
41279,7,3,2.92,80%,3%,133%
10185,3.5,3,2.81,80%,6%,17%
42820,5,2,2.45,80%,23%,150%
9912,3.5,3,3.78,80%,26%,17%
5350,2.5,2,2.67,80%,34%,25%
46423,7.5,2,2.81,80%,41%,275%
39909,6,6,3.11,80%,48%,0%
2150,5,6,2.84,80%,53%,17%
44963,6,6,2.57,80%,57%,0%
23322,12.83,40,17.06,80%,57%,68%
6989,4,2,3.16,80%,58%,100%
22027,8,4,1.62,80%,60%,100%
4662,3,2,3.2,80%,60%,50%
23284,4.5,12,4.23,80%,65%,63%
28040,30,8,2.72,80%,66%,275%
35702,16,9,2.35,80%,74%,78%
46519,38,10,2.51,80%,75%,280%
36721,8,11,2.73,80%,75%,27%
29552,6,12,2.5,80%,79%,50%
15462,48.5,19,3.45,80%,82%,155%
6426,70,35,3.48,80%,90%,100%
14283,48.5,119,2.95,80%,98%,59%
25656,3.5,1,2.22,80%,122%,250%
7199,4,1,2.38,80%,138%,300%
17396,3,5,12.19,80%,144%,40%
17982,14,9,23.4,80%,160%,56%
12111,1,1,2.81,80%,181%,0%
6997,3.5,1,2.88,80%,188%,250%
27270,2,11,7.17,81%,35%,82%
5059,29,11,5.86,81%,47%,164%
38865,110,63,3.4,81%,95%,75%
26629,3,4,3.95,82%,1%,25%
45413,21,3,3.29,82%,10%,600%
43127,4,5,3.89,82%,22%,20%
6665,2,5,2.62,82%,48%,60%
28696,17,18,9.43,82%,48%,6%
12151,15.3,20,9.5,82%,53%,24%
38932,2.5,10,4.05,82%,60%,75%
6577,5,13,4.92,82%,62%,62%
2060,98,23,7.13,82%,69%,326%
2881,18,15,4.45,82%,70%,20%
33292,22,14,4.05,82%,71%,57%
16558,40,93,4.01,82%,96%,57%
17366,103,33,0,82%,100%,212%
31098,2.2,2,4.72,82%,136%,10%
34579,18,4,11.27,82%,182%,350%
49289,20.5,7,6.94,83%,1%,193%
23409,23,155,159.62,83%,3%,85%
43701,15,6,5.76,83%,4%,150%
14634,3,7,7.89,83%,13%,57%
23313,4.5,4,3.28,83%,18%,13%
21764,29.5,3,3.98,83%,33%,883%
16244,6,7,4.68,83%,33%,14%
2155,95,86,56.48,83%,34%,10%
25337,7.5,7,4.05,83%,42%,7%
26024,6,5,2.89,83%,42%,20%
9185,6,4,5.71,83%,43%,50%
7171,1.9,43,24.06,83%,44%,96%
45983,17,6,3.04,83%,49%,183%
19273,8,7,3.08,83%,56%,14%
25901,17,24,8.55,83%,64%,29%
43368,50,8,2.79,83%,65%,525%
32205,8.95,8,2.44,83%,70%,12%
1905,60,57,16.06,83%,72%,5%
18015,75,92,12.44,83%,86%,18%
16713,40,56,3.29,83%,94%,29%
25286,24,62,3.32,83%,95%,61%
19562,6,3,0,83%,100%,100%
37515,7.5,8,0,83%,100%,6%
1832,4,9,0,83%,100%,56%
18265,138,26,0,83%,100%,431%
5388,2.5,1,3.03,83%,203%,150%
19572,2.55,1,3.15,83%,215%,155%
28701,9,1,3.99,83%,299%,800%
40449,51,232,256,84%,10%,78%
1791,6,6,7.57,84%,26%,0%
10764,23.24,36,9.85,84%,73%,35%
17328,8,35,5.51,84%,84%,77%
16687,2.5,68,185.55,84%,173%,96%
13232,8,5,4.52,85%,10%,60%
27926,15,25,20.73,85%,17%,40%
12181,32,4,3.09,85%,23%,700%
3101,194,196,141.2,85%,28%,1%
24026,7.5,5,6.44,85%,29%,50%
21954,11,19,12.26,85%,35%,42%
15115,15,34,17.26,85%,49%,56%
20058,30,71,25.78,85%,64%,58%
41468,5,1,7.74,85%,674%,400%
7227,6.5,3,3.38,86%,13%,117%
22177,125,39,29.7,86%,24%,221%
19468,15,3,2.28,86%,24%,400%
5786,6,6,7.52,86%,25%,0%
47460,3,4,2.95,86%,26%,25%
12577,11.5,10,7.17,86%,28%,15%
23280,8.3,7,4.85,86%,31%,19%
13358,7.5,16,10.3,86%,36%,53%
27282,9,9,4.43,86%,51%,0%
5416,30,46,21.88,86%,52%,35%
45393,4,6,2.82,86%,53%,33%
24316,2.5,9,3.31,86%,63%,72%
16342,3,3,5.06,86%,69%,0%
46242,33.74,2,3.4,86%,70%,1587%
27404,20,32,9.55,86%,70%,38%
15239,22.5,99,22.03,86%,78%,77%
20115,10,9,1.59,86%,82%,11%
23668,25.5,21,3.63,86%,83%,21%
7632,5,15,2.27,86%,85%,67%
22711,32,1,2.94,86%,194%,3100%
2285,7.5,70,50.33,87%,28%,89%
39744,4,4,5.33,87%,33%,0%
21529,29,25,14.26,87%,43%,16%
25040,4,4,6.61,87%,65%,0%
11122,45,62,20.66,87%,67%,27%
5911,46,63,9.16,87%,85%,27%
14005,2,1,6.83,87%,583%,100%
15318,7.5,11,10.38,88%,6%,32%
7534,2.5,4,3.62,88%,10%,38%
34050,7.5,7,6.04,88%,14%,7%
34851,12.94,12,10.01,88%,17%,8%
7585,10,6,4.81,88%,20%,67%
9636,10,3,3.75,88%,25%,233%
7646,20,13,8.13,88%,37%,54%
10412,2,5,7.13,88%,43%,60%
8383,1.4,9,12.89,88%,43%,84%
20455,9,10,5.48,88%,45%,10%
10118,7.52,18,8.54,88%,53%,58%
8550,40,82,37.74,88%,54%,51%
35103,6,12,4.87,88%,59%,50%
12267,22.5,93,33.99,88%,63%,76%
41485,5,12,3.1,88%,74%,58%
7096,3,57,10.29,88%,82%,95%
39774,8,8,1.44,88%,82%,0%
26661,28,37,5.8,88%,84%,24%
17814,3.5,3,5.67,88%,89%,17%
26782,3.5,2,3.81,88%,91%,75%
11397,84,97,4.4,88%,95%,13%
2788,3,3,6.63,88%,121%,0%
9788,28,1,4.24,88%,324%,2700%
4270,24,24,24.56,89%,2%,0%
8152,1.5,4,3.88,89%,3%,63%
29942,8,5,5.79,89%,16%,60%
39756,25,15,17.62,89%,17%,67%
7456,8,9,7.14,89%,21%,11%
9257,64,9,11.78,89%,31%,611%
10186,8,8,10.52,89%,32%,0%
43353,27,29,19.86,89%,32%,7%
15647,42,22,14.5,89%,34%,91%
6875,68,32,20.92,89%,35%,113%
43181,22.46,5,3.24,89%,35%,349%
38238,31,36,22.18,89%,38%,14%
19466,8,8,11.57,89%,45%,0%
38209,36,40,58.35,89%,46%,10%
39786,20,38,19.83,89%,48%,47%
34991,16,14,6.33,89%,55%,14%
20525,4.5,6,2.61,89%,57%,25%
44823,25,5,2.15,89%,57%,400%
20278,20,14,5.43,89%,61%,43%
20277,20,21,7.08,89%,66%,5%
15178,60,76,24.91,89%,67%,21%
23724,38,17,5.23,89%,69%,124%
36425,7.5,9,2.67,89%,70%,17%
1874,3,147,42.37,89%,71%,98%
28522,54,39,10.08,89%,74%,38%
33120,15,42,8.05,89%,81%,64%
21914,7.5,6,10.86,89%,81%,25%
41883,18.5,7,12.77,89%,82%,164%
14147,10,22,3.86,89%,82%,55%
13434,80.65,94,10.82,89%,88%,14%
14448,76.65,80,7.33,89%,91%,4%
18012,37.5,30,2.02,89%,93%,25%
20695,3,7,0,89%,100%,57%
12726,4,2,4.66,89%,133%,100%
22852,36,45,180.12,89%,300%,20%
40934,49.5,9,8.94,90%,1%,450%
23787,17,10,8.23,90%,18%,70%
40496,10,11,8.4,90%,24%,9%
21373,1,6,4.36,90%,27%,83%
25636,50,26,18.19,90%,30%,92%
33267,32,23,15.25,90%,34%,39%
41068,26.5,24,12.89,90%,46%,10%
14016,63,33,17.16,90%,48%,91%
13482,151.3,105,49.89,90%,52%,44%
15328,42,66,23.65,90%,64%,36%
37345,45,51,17.92,90%,65%,12%
13051,27.5,51,17.86,90%,65%,46%
25691,3,2,3.38,90%,69%,50%
20257,15,16,4.28,90%,73%,6%
24528,28,3,0.54,90%,82%,833%
33720,7.5,34,4.86,90%,86%,78%
31901,56.65,39,4.65,90%,88%,45%
28102,55.5,16,76.62,90%,379%,247%
29740,22,58,66.07,91%,14%,62%
14712,5,11,9.26,91%,16%,55%
9423,114,39,32.45,91%,17%,192%
39865,13.5,14,11.41,91%,19%,4%
37195,9,7,4.52,91%,35%,29%
10374,8,196,265.81,91%,36%,96%
23542,11.5,12,17.26,91%,44%,4%
11001,45,24,11.93,91%,50%,88%
30277,15,20,9.83,91%,51%,25%
7696,60,51,24.09,91%,53%,18%
26696,3.85,12,5.48,91%,54%,68%
24598,40,47,8.52,91%,82%,15%
16103,45,2,3.73,91%,87%,2150%
24086,28,29,3.51,91%,88%,3%
45959,7,6,0.6,91%,90%,17%
29196,70,69,6.16,91%,91%,1%
23988,65,115,6.01,91%,95%,43%
34076,7.5,2,4.31,91%,116%,275%
10438,5,13,51.59,91%,297%,62%
12742,28,8,8.13,92%,2%,250%
16415,12,6,6.2,92%,3%,100%
45362,6,5,4.45,92%,11%,20%
3216,17,7,8.29,92%,18%,143%
24122,24,12,9.36,92%,22%,100%
44692,6,6,7.34,92%,22%,0%
35395,40,10,12.64,92%,26%,300%
35619,30,7,4.79,92%,32%,329%
6706,25.5,24,16.06,92%,33%,6%
7834,6,17,11.31,92%,33%,65%
26796,69.65,8,10.76,92%,35%,771%
18845,22.5,44,28.15,92%,36%,49%
45609,8,8,10.95,92%,37%,0%
8303,62.77,112,65.75,92%,41%,44%
30679,35,22,12.88,92%,41%,59%
31047,68,80,41.55,92%,48%,15%
41145,60,57,28.64,92%,50%,5%
36687,24,11,5.1,92%,54%,118%
29915,20,12,5.24,92%,56%,67%
16242,13,9,3.83,92%,57%,44%
37344,27,25,10.48,92%,58%,8%
13535,27.65,26,9.85,92%,62%,6%
13902,97.5,60,19.42,92%,68%,63%
38509,10,13,3.47,92%,73%,23%
40338,48,44,11.69,92%,73%,9%
18683,5,2,3.5,92%,75%,150%
36435,20,44,9.3,92%,79%,55%
5848,204,31,1.03,92%,97%,558%
23075,7,7,0,92%,100%,0%
38358,19.5,18,17.19,93%,4%,8%
21188,12,9,8.24,93%,8%,33%
28698,5,5,4.12,93%,18%,0%
30373,35.24,44,34.5,93%,22%,20%
24454,150,5,3.84,93%,23%,2900%
5178,16,21,25.9,93%,23%,24%
15349,28.15,38,47.44,93%,25%,26%
13407,15,7,8.98,93%,28%,114%
45389,44,6,7.74,93%,29%,633%
13835,56,194,250.29,93%,29%,71%
38561,51.65,39,24.42,93%,37%,32%
43919,14,19,11.29,93%,41%,26%
39378,62.5,19,11.01,93%,42%,229%
36797,24,9,5.13,93%,43%,167%
1012,18,36,19.97,93%,45%,50%
15712,41.6,29,16.08,93%,45%,43%
6559,37.5,29,15.15,93%,48%,29%
4991,9,5,7.43,93%,49%,80%
37272,11,21,9.32,93%,56%,48%
3749,37.5,26,10.51,93%,60%,44%
45292,16,16,6.32,93%,61%,0%
27278,23,27,8.38,93%,69%,15%
35096,7.5,26,7.68,93%,70%,71%
7695,17.95,54,92.55,93%,71%,67%
43632,7.5,37,10,93%,73%,80%
33498,68,28,7.47,93%,73%,143%
33464,55.5,66,114.8,93%,74%,16%
34977,5.86,8,2.08,93%,74%,27%
23771,48,8,1.9,93%,76%,500%
23694,37,267,61.15,93%,77%,86%
46955,6,34,5.95,93%,83%,82%
26181,99,7,1.03,93%,85%,1314%
33331,29,16,2.16,93%,87%,81%
6366,34.5,363,42.63,93%,88%,90%
2163,46.5,54,4.4,93%,92%,14%
28721,120,25,1.42,93%,94%,380%
7762,60,16,33.16,93%,107%,275%
44340,3.41,3,6.8,93%,127%,14%
12313,4,4,12.64,93%,216%,0%
22707,105,22,78.54,93%,257%,377%
21576,21,2,19.32,93%,866%,950%
11454,24,156,153.29,94%,2%,85%
23975,7.5,9,8.74,94%,3%,17%
43192,12.51,9,8.54,94%,5%,39%
3028,5,10,9.07,94%,9%,50%
7959,80,20,17.44,94%,13%,300%
29644,110.65,14,11.9,94%,15%,690%
29702,25,30,34.62,94%,15%,17%
11510,840,189,159.49,94%,16%,344%
37568,27,17,19.85,94%,17%,59%
11125,15,35,28.36,94%,19%,57%
48189,17,13,15.48,94%,19%,31%
13979,59.2,16,12.4,94%,23%,270%
9908,6.9,7,4.81,94%,31%,1%
44647,37.5,29,19.56,94%,33%,29%
27279,40,25,16.68,94%,33%,60%
11344,9,8,5.15,94%,36%,13%
15412,15,4,5.43,94%,36%,275%
43966,13,11,14.99,94%,36%,18%
6943,83.5,137,81.63,94%,40%,39%
19101,52.08,34,19.78,94%,42%,53%
13794,5,9,13.24,94%,47%,44%
33469,57,41,60.41,94%,47%,39%
45319,4,4,5.92,94%,48%,0%
7315,28,31,15.88,94%,49%,10%
8990,255,105,53.24,94%,49%,143%
34258,37.5,27,13,94%,52%,39%
17635,244,53,25.36,94%,52%,360%
4773,46,14,6.59,94%,53%,229%
34808,48,62,28.92,94%,53%,23%
42977,13,16,5.73,94%,64%,19%
7348,1,33,11.49,94%,65%,97%
6903,32,24,7.2,94%,70%,33%
42306,10,17,28.91,94%,70%,41%
33694,14.5,25,7.18,94%,71%,42%
6890,70.5,87,24.21,94%,72%,19%
15957,30,30,7.24,94%,76%,0%
987,5,13,2.77,94%,79%,62%
2922,133.5,6,10.94,94%,82%,2125%
5347,58,84,7.04,94%,92%,31%
18650,29.5,63,4.68,94%,93%,53%
15842,110,30,1.77,94%,94%,267%
18013,15,30,1.02,94%,97%,50%
11935,20,9,38.59,94%,329%,122%
31147,2.5,19,19.2,95%,1%,87%
33163,27.2,17,16.46,95%,3%,60%
7026,2,21,22.71,95%,8%,90%
31173,64,17,15.12,95%,11%,276%
13315,14.48,21,18.63,95%,11%,31%
26027,158.3,13,11.16,95%,14%,1118%
7453,10.5,5,5.73,95%,15%,110%
18913,16,7,8.39,95%,20%,129%
47544,25,33,25.11,95%,24%,24%
14812,120,73,51.62,95%,29%,64%
4900,92,9,6.31,95%,30%,922%
11601,50,8,10.61,95%,33%,525%
41791,12,11,14.89,95%,35%,9%
20546,12,112,67.77,95%,39%,89%
10657,80,30,17.2,95%,43%,167%
20319,14.5,118,67.61,95%,43%,88%
27393,40,41,21.48,95%,48%,2%
16209,118,39,19.55,95%,50%,203%
9435,13.6,17,25.56,95%,50%,20%
18491,725,64,31.23,95%,51%,1033%
8339,61,73,35.03,95%,52%,16%
40053,112,24,11.3,95%,53%,367%
2742,45,16,24.51,95%,53%,181%
14793,80,54,25.2,95%,53%,48%
3443,16,8,13.12,95%,64%,100%
8067,106,91,32.06,95%,65%,16%
34572,32,19,6.58,95%,65%,68%
34510,34,35,10.67,95%,70%,3%
5011,4,50,13.71,95%,73%,92%
18373,7,14,24.26,95%,73%,50%
35068,25,20,4.67,95%,77%,25%
16322,448,228,46.15,95%,80%,96%
24621,51,26,46.95,95%,81%,96%
14516,16,16,49.74,95%,211%,0%
257,12,6,39.06,95%,551%,100%
26722,23,1,9.23,95%,823%,2200%
26890,24.94,18,17.7,96%,2%,39%
43385,16,17,18.37,96%,8%,6%
43655,20,8,9.23,96%,15%,150%
11720,92,73,85.28,96%,17%,26%
29717,8,17,13.23,96%,22%,53%
9741,25,62,48.25,96%,22%,60%
22472,7.5,4,3.04,96%,24%,88%
15381,18,12,15.1,96%,26%,50%
33559,142,18,13.28,96%,26%,689%
9980,15,11,8.05,96%,27%,36%
15174,15,17,21.58,96%,27%,12%
37302,15,12,8.36,96%,30%,25%
39892,30,44,30.32,96%,31%,32%
12515,7.52,6,7.88,96%,31%,25%
38065,45,24,15.59,96%,35%,88%
41327,45,14,19.09,96%,36%,221%
8973,6,315,178.12,96%,43%,98%
11190,20,19,10.68,96%,44%,5%
20936,31.15,97,52.2,96%,46%,68%
33961,16.5,105,54,96%,49%,84%
7670,14,20,9.96,96%,50%,30%
18037,76.65,74,34.33,96%,54%,4%
23598,40.75,85,38.77,96%,54%,52%
15344,122,74,33.72,96%,54%,65%
17003,28,65,29.27,96%,55%,57%
208,13,23,9.53,96%,59%,43%
3288,17,34,12.45,96%,63%,50%
29090,40,50,16.65,96%,67%,20%
21965,10,13,3.94,96%,70%,23%
13171,660,244,69.27,96%,72%,170%
40866,37,10,17.86,96%,79%,270%
16100,63,51,7.18,96%,86%,24%
4417,15,39,0,96%,100%,62%
2688,2,4,29.53,96%,638%,50%
13689,33,21,19.96,97%,5%,57%
40735,14.54,13,11.8,97%,9%,12%
29701,38,26,23.41,97%,10%,46%
11700,18.8,27,22.76,97%,16%,30%
1989,10,43,35.82,97%,17%,77%
42354,280,139,101.08,97%,27%,101%
23254,366,259,177.84,97%,31%,41%
9034,20.5,16,21.13,97%,32%,28%
16266,294,73,47.46,97%,35%,303%
12134,15,22,30.47,97%,39%,32%
39194,20,130,77.72,97%,40%,85%
33735,45,22,31.32,97%,42%,105%
33451,4,27,15.05,97%,44%,85%
43643,42,42,22.68,97%,46%,0%
8894,60,74,39.31,97%,47%,19%
20732,40,33,17.52,97%,47%,21%
5313,37.5,39,19.91,97%,49%,4%
39472,9,49,24.85,97%,49%,82%
11647,3,33,16.24,97%,51%,91%
36041,37.5,23,10.92,97%,53%,63%
24224,45,49,22.66,97%,54%,8%
15475,7.5,69,31.08,97%,55%,89%
31156,17,20,8.96,97%,55%,15%
5472,23,37,16.43,97%,56%,38%
1390,40,37,16.33,97%,56%,8%
34186,24,30,13.16,97%,56%,20%
11639,45,80,34.54,97%,57%,44%
10368,82,74,30.87,97%,58%,11%
6698,35,7,2.81,97%,60%,400%
20848,134.5,111,31.91,97%,71%,21%
28441,40,38,65.44,97%,72%,5%
13605,165,139,35.35,97%,75%,19%
3902,45,70,14.51,97%,79%,36%
30772,55.5,58,9.56,97%,84%,4%
43031,3,56,8.75,97%,84%,95%
29215,20,20,0,97%,100%,0%
27117,520,107,0,97%,100%,386%
32215,14.9,12,25.81,97%,115%,24%
5821,32,4,11.67,97%,192%,700%
103,15,5,19.01,97%,280%,200%
19145,1.8,29,27.11,98%,7%,94%
34469,35.93,74,68.59,98%,7%,51%
11246,45,30,26.04,98%,13%,50%
14542,24,34,26.19,98%,23%,29%
24651,50,37,28.27,98%,24%,35%
40432,40,23,17.32,98%,25%,74%
13063,23.96,30,22.13,98%,26%,20%
21018,14.25,16,20.38,98%,27%,11%
40624,23,22,29.16,98%,33%,5%
23830,42.5,49,32.98,98%,33%,13%
16368,87,45,60.01,98%,33%,93%
5112,40,16,23.22,98%,45%,150%
37012,7.5,31,16.26,98%,48%,76%
9201,22.5,20,30.98,98%,55%,13%
30435,49,52,22.98,98%,56%,6%
10886,90.5,45,19.74,98%,56%,101%
33304,18,66,28.83,98%,56%,73%
27226,50,40,17.25,98%,57%,25%
16980,11,21,9,98%,57%,48%
38574,100,36,14.88,98%,59%,178%
16658,107,48,19.35,98%,60%,123%
39069,12.5,15,24.08,98%,61%,17%
8951,19,37,14.56,98%,61%,49%
35981,20,96,37.07,98%,61%,79%
28133,64,64,24.31,98%,62%,0%
31403,61,77,24.79,98%,68%,21%
21573,52.15,73,19.07,98%,74%,29%
21565,40,11,19.5,98%,77%,264%
7196,4,9,18.14,98%,102%,56%
17581,40,15,33.75,98%,125%,167%
2499,21,9,20.4,98%,127%,133%
26110,57,28,85.8,98%,206%,104%
6008,19,5,18.56,98%,271%,280%
5299,40,7,28.36,98%,305%,471%
17966,15,4,22.63,98%,466%,275%
1377,49.5,40,44.26,99%,11%,24%
30455,60.46,52,43.9,99%,16%,16%
42996,60,37,48.02,99%,30%,62%
14875,82.5,47,26.11,99%,44%,76%
14150,30,52,81.04,99%,56%,42%
34576,47,49,16.35,99%,67%,4%
2446,31,26,49.21,99%,89%,19%
16125,60,18,40.97,99%,128%,233%
10724,66,13,31.43,99%,142%,408%
37551,8.5,16,15.98,100%,0%,47%
43776,4,4,4.02,100%,0%,0%
6730,28,3,2.96,100%,1%,833%
43129,46,6,6.11,100%,2%,667%
31258,20,31,31.67,100%,2%,35%
508,3,2,2.08,100%,4%,50%
37379,45,2,2.08,100%,4%,2150%
37001,5,3,3.18,100%,6%,67%
45528,16,3,3.19,100%,6%,433%
40824,19,18,19.35,100%,8%,6%
5953,20,21,22.59,100%,8%,5%
26861,15,4,4.31,100%,8%,275%
22539,12.5,8,8.64,100%,8%,56%
44795,8,23,25.06,100%,9%,65%
35403,53,35,31.82,100%,9%,51%
16233,30,22,19.63,100%,11%,36%
32594,3,5,4.46,100%,11%,40%
2252,24,21,23.27,100%,11%,14%
40359,39,26,29.07,100%,12%,50%
37956,3,6,5.29,100%,12%,50%
8395,2.5,3,3.4,100%,13%,17%
15753,45,29,25.06,100%,14%,55%
34122,21,11,12.57,100%,14%,91%
32414,4,3,2.56,100%,15%,33%
24308,25,3,3.48,100%,16%,733%
39443,8,5,4.13,100%,17%,60%
21743,7.5,3,2.47,100%,18%,150%
35552,17,4,3.29,100%,18%,325%
39374,2.5,3,2.43,100%,19%,17%
33820,4,4,3.23,100%,19%,0%
40760,39,28,33.4,100%,19%,39%
27318,20,3,2.38,100%,21%,567%
25378,17,8,6.34,100%,21%,113%
5217,12,4,3.13,100%,22%,200%
25123,35,34,41.42,100%,22%,3%
45479,60,6,4.66,100%,22%,900%
1894,3,3,2.32,100%,23%,0%
25460,30,5,6.14,100%,23%,500%
43334,4,3,3.69,100%,23%,33%
43078,677,23,28.43,100%,24%,2843%
31604,57.5,11,13.62,100%,24%,423%
40939,18,26,19.72,100%,24%,31%
2862,15,20,15.13,100%,24%,25%
44332,2,2,2.51,100%,26%,0%
30546,7.5,3,3.79,100%,26%,150%
10541,30,3,2.2,100%,27%,900%
34455,4,4,2.91,100%,27%,0%
46959,20,22,15.95,100%,28%,9%
39604,22,3,3.83,100%,28%,633%
47282,4,3,3.84,100%,28%,33%
23819,8,7,9.04,100%,29%,14%
3531,41,3,2.08,100%,31%,1267%
44262,3,3,2.08,100%,31%,0%
38572,30,21,14.55,100%,31%,43%
40026,15,13,17.07,100%,31%,15%
6365,16,17,11.64,100%,32%,6%
48479,6,8,10.57,100%,32%,25%
15754,5.5,6,7.93,100%,32%,8%
37735,2.5,3,2.01,100%,33%,17%
13360,8,10,13.31,100%,33%,20%
47015,2,2,2.67,100%,34%,0%
28064,270,3,1.96,100%,35%,8900%
22573,7.5,5,6.76,100%,35%,50%
27590,48.5,28,18.1,100%,35%,73%
2550,20,15,9.62,100%,36%,33%
40958,42,12,7.65,100%,36%,250%
46945,10,11,7,100%,36%,9%
20679,30,2,2.73,100%,37%,1400%
30466,2,6,3.78,100%,37%,67%
28594,7.5,10,6.29,100%,37%,25%
47737,25.5,4,2.51,100%,37%,538%
25983,6,5,3.12,100%,38%,20%
23821,12,5,6.9,100%,38%,140%
29640,15,11,6.75,100%,39%,36%
30330,6,5,3.04,100%,39%,20%
40876,30.5,3,1.82,100%,39%,917%
28053,8,21,12.67,100%,40%,62%
39307,5,4,2.39,100%,40%,25%
42997,15,6,8.42,100%,40%,150%
7228,50,2,1.19,100%,41%,2400%
27934,280,12,6.94,100%,42%,2233%
18223,12,6,8.55,100%,43%,100%
24310,40,5,2.82,100%,44%,700%
15787,36,14,7.82,100%,44%,157%
1119,6,2,2.89,100%,45%,200%
17963,30,37,53.76,100%,45%,19%
39803,5.5,19,10.13,100%,47%,71%
3319,6,4,2.08,100%,48%,50%
12195,10,4,2.08,100%,48%,150%
39862,23,13,6.75,100%,48%,77%
30427,39,5,2.52,100%,50%,680%
3160,7.5,14,6.79,100%,52%,46%
4138,6,5,2.42,100%,52%,20%
30556,97.5,34,16.31,100%,52%,187%
39838,75.15,7,3.31,100%,53%,974%
48142,3,3,1.4,100%,53%,0%
28627,5,5,2.26,100%,55%,0%
16074,4,5,2.23,100%,55%,20%
40996,5,5,2.2,100%,56%,0%
6686,32.5,5,2.17,100%,57%,550%
25529,60,5,2.17,100%,57%,1100%
11992,3,4,1.72,100%,57%,25%
40514,15,18,7.73,100%,57%,17%
17022,8,7,2.97,100%,58%,14%
28016,40,41,16.45,100%,60%,2%
26953,71.65,32,12.17,100%,62%,124%
32155,47,7,2.65,100%,62%,571%
18527,50,26,9.82,100%,62%,92%
30652,9,7,2.64,100%,62%,29%
29275,7.5,10,3.72,100%,63%,25%
5098,78,8,2.97,100%,63%,875%
1474,95,7,2.49,100%,64%,1257%
25577,4,4,1.42,100%,65%,0%
33375,3,6,2.08,100%,65%,50%
9821,170,7,2.36,100%,66%,2329%
33645,5,5,1.67,100%,67%,0%
22636,12,15,5,100%,67%,20%
17668,5,5,8.35,100%,67%,0%
23826,38,31,10.2,100%,67%,23%
16028,73,6,1.96,100%,67%,1117%
18164,58,6,1.94,100%,68%,867%
43347,6,6,1.92,100%,68%,0%
22441,61.65,16,5.09,100%,68%,285%
34396,3,8,2.54,100%,68%,63%
7661,30,6,1.9,100%,68%,400%
28760,21.5,51,16.01,100%,69%,58%
5260,30,15,4.6,100%,69%,100%
102,16,5,8.49,100%,70%,220%
33872,7.5,14,4.14,100%,70%,46%
31388,15,23,6.79,100%,70%,35%
40853,23.5,6,1.77,100%,71%,292%
29437,5,14,4.1,100%,71%,64%
43622,4,6,1.71,100%,72%,33%
28864,5,13,3.59,100%,72%,62%
27952,42,12,3.3,100%,73%,250%
8888,30,52,14.24,100%,73%,42%
6409,16,8,2.1,100%,74%,100%
45586,42,16,4.14,100%,74%,163%
23997,22.5,5,1.28,100%,74%,350%
17912,530,108,27.04,100%,75%,391%
22811,15,11,2.75,100%,75%,36%
34578,88,43,10.59,100%,75%,105%
9174,14,10,2.38,100%,76%,40%
29307,2.5,21,4.96,100%,76%,88%
13287,2.5,22,5.09,100%,77%,89%
41727,6,13,2.97,100%,77%,54%
24319,5,11,2.42,100%,78%,55%
47806,9,10,2.08,100%,79%,10%
2236,40,2,3.6,100%,80%,1900%
49224,11,13,2.6,100%,80%,15%
26700,72.65,29,5.64,100%,81%,151%
15136,126.3,161,30.79,100%,81%,22%
16137,311.9,243,46.19,100%,81%,28%
7984,15,3,0.57,100%,81%,400%
1224,15,14,2.6,100%,81%,7%
16836,148,29,5.37,100%,81%,410%
21394,24.5,18,3.22,100%,82%,36%
14266,27,35,5.88,100%,83%,23%
21554,39.5,60,9.47,100%,84%,34%
37239,96.3,37,5.62,100%,85%,160%
21225,268.5,30,4.54,100%,85%,795%
2815,10,22,3.27,100%,85%,55%
31383,185,14,2.08,100%,85%,1221%
29467,45,29,4.25,100%,85%,55%
16374,60,14,2,100%,86%,329%
7922,15,14,1.95,100%,86%,7%
29937,3,3,0.4,100%,87%,0%
19592,51.65,106,13.73,100%,87%,51%
14539,75,88,11.24,100%,87%,15%
13345,62,13,1.6,100%,88%,377%
2333,74.5,17,31.91,100%,88%,338%
24247,36,19,2.26,100%,88%,89%
46826,80,20,2.17,100%,89%,300%
8911,30,41,4.37,100%,89%,27%
11903,22.5,29,2.99,100%,90%,22%
25490,75,53,5.31,100%,90%,42%
19060,4,21,2.08,100%,90%,81%
44774,65,27,2.32,100%,91%,141%
41754,22.5,25,2.13,100%,91%,10%
24965,62.65,42,3.46,100%,92%,49%
33450,5,8,0.6,100%,93%,38%
23389,32.5,46,3.31,100%,93%,29%
8130,68,44,2.76,100%,94%,55%
167,45,42,2.43,100%,94%,7%
18840,70,107,5.7,100%,95%,35%
23115,8,6,11.69,100%,95%,33%
5050,61,69,3.33,100%,95%,12%
25009,47,73,3.49,100%,95%,36%
28236,187.5,61,2.52,100%,96%,207%
20926,56.5,55,2.17,100%,96%,3%
17900,117.5,56,2.12,100%,96%,110%
2793,61,112,4.2,100%,96%,46%
29091,50,84,2.26,100%,97%,40%
3765,120,102,2.45,100%,98%,18%
11360,65,3,0,100%,100%,2067%
47078,7,7,0,100%,100%,0%
32150,171.3,34,0,100%,100%,404%
1179,10,10,20.07,100%,101%,0%
35569,7.5,3,6.23,100%,108%,150%
43177,3,1,2.08,100%,108%,200%
35042,5,1,2.13,100%,113%,400%
37230,2.5,1,2.13,100%,113%,150%
2772,28,1,2.17,100%,117%,2700%
21592,1.5,3,6.55,100%,118%,50%
5096,2,1,2.2,100%,120%,100%
45061,84,7,15.98,100%,128%,1100%
45042,44,1,2.32,100%,132%,4300%
27951,1,1,2.41,100%,141%,0%
17015,27.5,1,2.43,100%,143%,2650%
35682,1.5,1,2.54,100%,154%,50%
43676,1,1,2.64,100%,164%,0%
31233,4,1,2.88,100%,188%,300%
37243,5,1,3.13,100%,213%,400%
44596,2.5,2,6.3,100%,215%,25%
980,17.5,1,3.19,100%,219%,1650%
567,30,4,12.85,100%,221%,650%
37511,11,1,3.44,100%,244%,1000%
2800,55,6,20.97,100%,250%,817%
39728,2,1,3.6,100%,260%,100%
45119,3,1,3.78,100%,278%,200%
24459,224,5,21.76,100%,335%,4380%
16745,7.5,1,4.41,100%,341%,650%
39665,1.5,1,4.98,100%,398%,50%
17206,17,2,12.07,100%,504%,750%
9561,4.5,1,7.82,100%,682%,350%
1183,5,2,17.5,100%,775%,150%