jobID,Real,Guess,Calc,pFound,len
30546,3.0,9.14,7.5,0.89,9
56254,49.5,31.46,12.0,0.32,82
56259,4.0,4.44,8.0,0.18,11
56188,4.0,0.0,1.5,0.0,2
26821,39.0,173.76,296.75,0.57,30
56336,22.0,5.66,29.0,0.35,26
56353,4.5,0.0,1.5,0.0,1
41963,135.5,25.04,28.5,0.17,48
56460,148.0,146.02,20.0,0.23,128
56479,1.0,0.0,2.0,0.0,1
56481,1.0,0.0,3.5,0.0,3
56502,10.0,0.0,6.0,0.0,4
56534,8.5,3.12,3.0,0.12,26
56553,73.0,6.84,8.0,0.09,35
56557,27.0,37.82,16.0,0.3,53
56567,30.5,24.74,12.5,0.13,31
56570,147.0,62.44,140.0,0.31,117
56625,80.5,753.08,75.0,0.12,60
44723,2.0,8.52,16.5,0.25,4
48830,38.5,6.18,16.87,0.33,24
8214,110.0,0.0,30.0,0.0,7
56706,5.5,3.96,2.0,0.14,7
56724,3.0,0.0,1.0,0.0,5
56728,90.0,28.32,68.0,0.3,116
56748,5.0,11.84,9.0,0.29,17
46255,49.5,51.52,30.0,0.36,87
56799,58.5,54.64,48.5,0.51,43
55208,24.5,7.72,12.0,0.11,18
56851,8.0,2.312,4.0,0.18,11
56858,21.0,5.26,40.0,0.07,44
45535,49.0,0.34,49.15,0.25,8
56902,3.0,0.0,10.0,0.0,11
41417,188.0,14.26,33.0,0.17,99
56937,236.0,105.96,79.0,0.31,141
42781,8.0,0.0,30.0,0.0,4
56956,1.5,0.0,4.0,0.0,3
56972,13.0,0.0,4.0,0.0,9
56979,7.5,0.0,65.0,0.0,1
56982,3.0,0.0,272.22,0.0,9
24621,43.5,146.86,51.0,0.33,92
57003,24.0,31.22,27.0,0.18,17
57010,8.5,35.24,20.0,0.67,12
36944,28.5,0.0,13.0,0.0,23
57118,8.0,0.0,9.5,0.0,8
57146,5.0,3.28,3.0,0.23,22
57150,12.5,3.12,7.0,0.1,10
33324,59.0,0.0,63.0,0.0,1
57224,8.0,0.0,6.0,0.0,9
57226,276.0,61.44,238.0,0.33,48
57250,4.5,0.0,5.0,0.0,4
57265,50.5,36.62,80.0,0.1,52
4316,64.0,302.34,115.0,0.5,10
57318,49.5,34.38,5.0,0.3,33
57345,8.0,21.66,10.0,0.44,25
48882,11.5,2.05,4.0,0.09,11
47189,91.0,86.74,57.0,0.25,67
57378,300.5,278.78,249.0,0.27,248
40933,57.5,212.26,97.0,0.24,191
39862,45.5,48.92,23.0,0.48,60
57425,12.5,0.0,28.5,0.0,6
57431,2.0,0.0,846.0,0.0,2
27570,38.0,10.92,25.21,0.28,54
57470,7.5,,2.0,0.39,23
45389,18.0,39.86,44.0,0.2,25
40053,187.0,,112.0,0.41,102
57501,59.0,11.08,35.0,0.05,37
57571,21.5,0.21,15.0,0.11,9
57581,11.5,18.78,14.0,0.21,28
57582,10.5,5.04,7.5,0.31,16
57588,2.5,15.18,2.5,0.29,7
57599,5.0,0.0,2.5,0.0,9
15462,23.0,26.48,48.5,0.17,24
57589,4.5,0.88,1.0,0.44,9
57665,11.5,3.244,7.0,0.42,19
57669,50.5,24.72,75.0,0.13,54
57675,5.0,0.0,5.0,0.0,1
57676,14.0,7.94,12.0,0.34,29
57691,3.0,0.94,4.0,0.31,16
57693,5.5,6.84,45.0,0.57,7
48479,8.0,12.68,6.0,0.33,21
57760,28.0,3.96,53.5,0.11,9
57762,25.0,20.9,22.5,0.19,27
39175,45.0,0.0,112.0,0.0,2
57789,32.0,24.726,30.0,0.18,100
40311,207.5,,380.0,0.5,68
57812,16.5,19.52,12.5,0.33,36
57865,21.0,0.0,12.5,0.0,8
57905,4.5,1.12,7.5,1.0,1
57940,3.0,0.0,2.0,0.0,9
57949,36.0,3.96,35.0,0.5,2
57961,13.0,0.0,3.0,0.0,2
29702,30.5,49.4,25.0,0.12,83
57995,51.0,62.16,40.0,0.33,64
29472,208.5,99.34,83.15,0.33,51
58067,6.08,0.0,8.0,0.0,1
37345,175.0,204.24,45.0,0.25,101
58107,8.65,34.04,7.5,0.35,37
46826,40.0,59.96,80.0,0.36,74
22422,60.15,0.0,29.5,0.0,8
58145,26.5,4.84,35.0,0.24,33
45962,10.5,18.52,24.0,0.29,35
58192,1.0,0.0,7.5,0.0,1
58200,11.0,0.0,10.0,0.0,7
40336,246.5,101.48,176.0,0.25,161
47078,7.0,0.0,7.0,0.0,8
58307,2.0,15.3,140.56,0.53,15
48783,2.0,0.0,11.0,0.0,3
58328,10.0,12.44,6.0,0.4,25
58334,81.5,48.924,65.65,0.32,75
24459,45.0,659.96,224.0,0.34,146
47421,55.0,0.0,37.5,0.0,6
48475,22.0,3.36,55.0,0.14,14
58420,33.0,35.7,25.0,0.33,6
53978,64.0,38.08,47.0,0.4,40
58469,13.0,0.0,22.0,0.0,9
58491,31.5,22.952,40.0,0.25,104
58503,9.0,8.52,22.0,0.64,14
31122,20.0,10.092,13.8,0.11,37
58597,50.5,39.76,21.0,0.34,35
58642,10.0,1.44,10.0,0.08,12
58682,20.5,2.96,60.0,0.25,4
43704,20.5,,65.0,0.69,26
48417,3.0,0.624,2.5,0.1,10
58760,55.0,0.34,27.0,0.06,33
58782,30.5,0.0,20.5,0.0,6
48157,2.0,0.0,2.0,0.0,8
58846,14.5,36.12,25.0,0.42,53
51371,17.0,0.0,10.0,0.0,8
58920,9.0,7.84,14.0,0.28,36
58992,53.0,27.06,13.5,0.03,29
58993,6.0,0.0,6.0,0.0,2
59008,68.5,32.16,29.5,0.25,84
48020,4.0,2.96,6.0,0.1,10
58241,73.5,19.14,52.0,0.18,67
51482,63.5,87.8,48.5,0.25,36
59088,2.0,0.0,2.0,0.0,3
59164,29.0,9.7,45.0,0.29,51
30580,24.5,13.08,28.5,0.69,13
58938,4.0,2.96,5.0,0.5,2
46242,28.5,21.464,33.74,0.35,55
56880,1.0,1.42,34.5,0.18,11
59244,33.0,3.04,10.0,0.39,18
59286,62.0,36.26,104.0,0.3,96
31157,9.0,20.62,19.0,0.26,19
48855,38.5,4.06,1.0,0.32,19
59319,2.0,29.84,6.0,0.33,6
48812,22.0,5.36,46.17,0.1,21
59392,23.0,50.8,62.0,0.67,27
59421,9.5,12.34,5.0,0.22,18
59503,30.0,30.62,27.0,0.33,40
59516,2.0,0.0,3.0,0.0,3
54005,48.0,50.76,28.5,0.2,30
59548,5.0,1.64,10.0,0.75,4
59606,8.0,3.92,23.0,0.1,31
59614,11.5,0.0,10.0,0.0,7
28064,740.5,259.344,270.0,0.23,230
59653,30.5,0.0,1.0,0.0,2
58489,16.0,149.44,75.0,0.24,59
59683,227.5,216.88,31.5,0.39,114
40876,30.5,14.02,30.5,0.2,41
59735,22.0,41.88,22.5,0.08,24
59742,9.0,0.0,13.5,0.0,9
59744,4.0,0.0,22.0,0.0,2
59750,10.5,13.064,8.5,0.11,19
44638,54.0,45.83,39.0,0.31,68
59772,11.0,18.624,73.65,0.52,21
59798,10.0,2.96,9.0,0.06,16
59799,184.0,140.02,102.0,0.25,228
59812,2.5,0.34,1.0,0.08,12
44548,271.5,109.44,134.5,0.27,70
59832,29.0,0.0,20.0,0.0,1
59859,46.8,8.52,50.0,0.09,11
43181,29.0,10.56,22.46,0.29,48
59875,66.5,0.0,1.0,0.0,17
59877,3.5,3.08,46.15,0.5,12
45083,14.5,477.0,208.0,0.29,24
59878,1.0,0.0,15.59,0.0,2
59904,28.0,30.74,30.0,0.43,42
59981,8.5,3.96,7.5,0.07,15
60055,4.0,0.0,3.0,0.0,2
47460,4.0,1.62,3.0,0.05,22
43955,37.0,6.49,19.5,0.54,26
34227,21.0,9.26,220.0,0.75,12
60201,4.0,0.34,4.0,0.5,2
47858,17.0,13.68,49.0,0.71,17
47737,4.0,0.34,25.5,0.5,4
38573,36.0,18.504,48.0,0.26,47
13434,94.5,94.313,80.65,0.3,61
55897,55.5,5.62,33.0,0.04,46
60374,7.5,1.22,8.0,0.25,16
28254,122.0,6.66,100.0,0.67,3
60383,3.0,0.0,20.0,0.0,7
60447,231.5,21.84,70.0,0.1,39
44823,41.0,27.77,25.0,0.37,41
55451,9.0,10.84,9.0,0.26,19
39068,66.5,88.62,149.3,0.55,20
60470,8.0,9.32,6.0,0.5,6
60478,29.5,66.0,53.0,0.35,74
46276,258.5,33.6,56.0,0.1,91
60569,3.5,3.78,2.0,0.33,6
45745,170.0,162.68,103.0,0.25,142
60616,8.0,0.6,8.0,0.14,14
60622,2.0,0.0,266.62,0.0,6
37417,26.5,0.0,21.0,0.0,9
60661,95.5,68.94,22.0,0.33,75
60663,2.5,0.64,15.0,0.29,7
60706,15.5,2.96,42.0,0.06,17
45349,104.5,23.9,25.0,0.18,88
60726,24.0,36.9,3.0,0.24,74
60793,8.0,3.96,45.0,0.11,9
60804,2.0,0.0,15.0,0.0,6
48645,112.5,26.28,93.0,0.5,30
46650,18.0,54.44,11.5,0.22,27
60786,125.5,155.7,42.0,0.28,132
39357,4.0,0.0,35.0,0.0,9
60936,4.0,0.0,3.0,0.0,8
45292,29.0,7.58,16.0,0.26,23
60989,7.5,0.96,30.0,0.14,14
49468,138.5,49.64,31.0,0.11,135
46286,13.0,0.2,69.5,0.4,5
16492,263.0,14.36,331.5,0.08,26
61072,3.5,0.0,2.0,0.0,2
53277,4.0,0.0,5.0,0.0,3
61093,3.0,3.52,6.0,0.2,5
47656,39.0,66.632,22.0,0.25,60
60252,29.5,21.56,15.0,0.22,37
61139,210.0,153.0,106.0,0.04,94
48987,37.5,17.56,203.8,0.57,21
50003,50.5,132.48,61.5,0.34,50
61177,6.0,1.23,3.0,0.14,7
44596,2.0,1.62,2.5,0.12,8
48371,185.5,22.48,46.0,0.2,70
45394,20.0,17.62,5.0,0.14,51
61281,12.0,11.59,6.0,0.43,28
61306,7.5,2.34,5.0,0.06,18
61325,25.0,55.2,30.0,0.34,68
46843,86.5,43.28,27.0,0.22,120
61402,47.0,33.98,114.0,0.18,83
61427,179.5,67.96,180.0,0.09,47
26268,8.5,0.0,20.5,0.0,1
26184,510.5,60.8,886.0,0.53,74
61487,53.0,47.92,94.0,0.37,43
61505,11.0,67.536,51.0,0.58,43
61509,3.5,10.12,9.5,0.67,9
61551,6.0,0.82,3.5,0.11,9
59690,16.0,1.64,39.0,0.36,14
61577,4.0,1.04,9.0,0.12,8
61622,52.5,30.64,35.0,0.28,29
61639,1.0,0.0,3.5,0.0,1
44927,6.5,0.0,7.5,0.0,9
47005,7.5,0.0,9.0,0.0,7
61723,10.0,5.872,11.04,0.42,19
61740,2.0,0.0,15.0,0.0,2
61765,11.0,5.98,34.0,0.15,20
61779,6.0,0.0,2.5,0.0,5
61840,4.0,3.44,3.0,0.67,3
46959,22.0,5.72,20.0,0.11,28
61867,105.3,74.32,158.5,0.57,23
61927,33.5,6.44,20.0,0.3,40
61961,7.5,1.56,63.0,0.04,24
47407,16.0,2.22,50.0,0.09,11
8236,3.0,54.6,94.5,0.77,13
62056,34.5,12.38,20.92,0.35,37
44768,374.0,384.5,626.5,0.25,267
62155,12.0,0.0,10.0,0.0,2
45983,6.0,2.22,17.0,0.17,6
62164,57.0,24.78,26.0,0.18,51
62200,4.5,0.68,5.0,0.1,10
61454,40.5,2.76,2.0,0.06,53
62283,30.0,61.808,80.0,0.39,46
62336,1.5,1.62,2.5,0.33,3
62349,5.0,0.0,7.5,0.0,8
62351,24.5,0.0,5.0,0.0,1
62486,9.0,21.92,165.0,0.42,36
56196,57.5,,41.0,0.16,86
61613,10.0,0.0,1.5,0.0,7
62034,2.5,0.0,1.0,0.0,1
62573,14.0,0.0,6.0,0.0,12
62580,4.5,2.4,3.0,0.28,18
62655,2.5,2.96,3.0,0.5,2
62727,3.0,3.44,3.0,0.29,7
62765,7.5,0.0,20.0,0.0,2
62795,6.5,2.56,6.0,0.5,12
62810,55.0,9.36,13.5,0.2,30
62710,3.5,0.52,2.0,0.25,4
62813,19.5,0.236,7.5,0.06,32
62854,4.0,0.0,2.0,0.0,5
62873,45.0,74.38,1.0,0.56,68
62887,64.0,30.5,8.5,0.38,24
34571,54.5,42.68,69.0,0.28,36
62897,1.5,3.96,2.0,0.2,5
62976,4.0,0.0,3.0,0.0,2
61856,3.0,8.2,6.0,0.12,8
63033,14.5,2.1,18.0,0.25,4
63074,19.0,6.2,15.0,0.1,20
49129,23.0,25.546,37.5,0.19,62
63165,10.0,2.96,5.0,0.17,6
30958,41.5,50.72,48.0,0.39,98
63208,12.5,1.52,35.0,0.33,15
45432,1.5,0.0,1.5,0.0,1
63309,3.5,0.0,3.0,0.0,4
63337,39.5,63.2,54.0,0.46,35
63339,25.0,3.224,28.0,0.09,34
63392,18.0,0.0,16.0,0.0,9
63432,10.0,13.28,6.5,0.23,31
63440,4.0,0.0,4.0,0.0,5
63616,1.5,0.0,1.5,0.0,1
48272,8.0,0.24,40.0,0.2,5
61959,27.5,9.8,37.0,0.24,33
63751,32.0,12.72,32.69,0.16,55
63752,29.0,0.16,15.3,0.05,38
63757,3.0,0.0,1.5,0.0,1
63842,49.5,130.22,61.5,0.49,43
61312,27.5,3.08,12.0,0.21,14
63873,11.0,4.44,8.0,0.57,7
63880,8.0,0.0,3.0,0.0,4
63886,11.0,9.58,8.0,0.9,20
63942,12.0,0.0,11.0,0.0,1
63944,67.0,1.56,19.0,0.05,21
63946,9.0,0.82,5.0,0.12,8
62532,51.5,61.46,45.0,0.27,113
63948,14.0,4.1112,15.0,0.1,30
30336,24.5,57.06,26.0,0.23,66
38741,123.5,15.68,100.0,0.5,20
64053,17.0,1.04,3.0,0.32,22
64073,29.0,56.32,41.0,0.35,68
64106,53.0,33.02,44.0,0.09,55
64201,38.5,0.16,47.0,0.17,6
64205,2.0,0.0,1.0,0.0,2
64209,49.5,46.64,144.15,0.52,29
64234,25.5,29.96,22.5,0.27,33
49208,725.05,25.0,629.83,0.19,31
62829,16.5,0.0,15.0,0.0,10
64311,4.0,0.0,6.5,0.0,11
64328,5.0,0.0,3.0,0.0,6
63771,6.0,0.0,2.0,0.0,3
64369,29.0,22.38,45.0,0.27,86
64439,11.5,0.0,4.0,0.0,21
49224,13.0,9.58,11.0,0.67,3
64510,5.0,1.04,6.0,0.75,4
64548,9.5,10.588,7.0,0.31,26
64589,12.5,1.04,10.0,0.33,15
64641,106.0,0.0,50.0,0.0,1
64656,9.0,2.96,6.0,0.17,6
47681,185.0,19.68,35.0,0.21,53
39702,8.5,0.0,3.0,0.0,7
64783,30.5,12.24,16.0,0.12,40
49260,14.5,1.334,16.32,0.15,33
50369,38.0,18.4,30.0,0.64,22
49264,18.5,6.6,25.0,0.44,16
12577,17.5,9.7,11.5,0.29,28
64950,7.5,0.0,7.5,0.0,3
64954,8.0,0.34,5.0,0.07,14
46955,39.5,35.84,6.0,0.21,28
58096,39.5,45.46,8.0,0.26,54
27243,6.0,0.0,7.5,0.0,5
65033,3.0,0.0,0.05,0.0,8
65038,10.5,12.98,9.0,0.4,15
49289,28.0,8.76,20.5,0.24,21
65230,11.0,8.6,20.0,0.07,27
46624,499.5,800.52,384.0,0.4,175
65243,2.5,0.0,4.0,0.0,5
65252,62.0,79.48,73.0,0.36,102
65255,5.0,0.0,3.0,0.0,3
65441,6.0,4.68,33.0,0.33,6
65464,7.0,0.78,5.0,0.12,8
61222,297.25,,347.0,0.55,40
65522,9.0,3.76,29.5,0.42,12
64121,31.5,39.76,24.0,0.22,59
65525,7.0,12.96,7.5,0.1,10
65529,1.5,0.0,35.0,0.0,1
49323,2.5,1.12,2.5,0.5,2
65569,9.0,4.5,8.0,0.08,12
60178,61.5,31.88,15.0,0.15,68
65304,5.0,0.0,3.0,0.0,4
65589,2.0,0.96,1.15,0.33,3
65593,5.0,0.0,4.0,0.0,14
65596,10.0,0.0,8.0,0.0,3
65640,3.0,1.62,2.5,0.07,14
65653,6.0,3.08,13.0,0.5,2
65685,86.5,,113.0,0.3,44
65688,197.5,2.96,25.0,0.1,10
65738,0.5,0.0,3.0,0.0,1
64410,15.0,7.38,8.0,0.05,19
65799,26.0,41.304,96.0,0.3,33
65825,11.0,8.64,11.0,0.25,4
65851,1.0,0.52,7.5,0.06,18
65909,9.0,16.68,7.0,0.27,30
65943,6.5,2.22,7.5,0.33,3
66015,17.5,10.5196,2.0,0.79,24
66037,54.5,0.0,50.0,0.0,1
66039,10.0,0.0,10.0,0.0,16
66052,3.0,0.0,3.0,0.0,8
66064,10.0,0.0,9.0,0.0,3
66069,15.5,56.62008,70.0,0.44,55
66120,71.0,79.059976,81.65,0.26,110
66200,8.0,21.56,3.0,0.17,18
66203,48.0,38.64,50.0,0.24,58
66229,7.0,0.31,3.0,0.15,13
65128,49.5,61.98,25.0,0.19,90
66324,3.5,5.42,4.0,0.27,11
66336,26.5,12.9,19.0,0.13,52
64491,15.0,0.52,12.0,0.14,7
66421,5.5,0.9832,4.0,0.07,14
66439,2.0,0.0,3.0,0.0,6
66474,8.0,8.72,4.0,0.38,16
66497,31.5,0.0,14.0,0.0,11
65797,10.0,2.96,8.0,0.33,3
66651,20.0,24.06,13.0,0.54,35
66666,7.0,0.0,26.0,0.0,5
66675,31.5,23.8,25.0,0.38,42
66280,6.0,0.0,3.0,0.0,7
66733,5.0,0.0,7.5,0.0,6
66770,142.5,53.72,92.0,0.2,147
62469,7.5,12.38,50.5,0.55,11
49431,12.5,0.42,8.0,0.14,14
66861,7.0,1.852,4.0,0.22,18
66866,1.0,0.0,2.0,0.0,1
66911,4.0,4.02008,3.4,0.38,21
66946,11.0,5.62,2.5,0.11,9
66951,43.0,9.2,50.0,0.38,42
66977,12.0,2.96,6.0,0.04,25
66988,36.5,7.16,25.84,0.33,33
67042,11.5,4.4,10.5,0.17,6
64188,12.0,14.1779976,9.0,0.27,33
49452,5.5,11.0699984,7.5,0.08,13
67117,110.0,65.499968,91.5,0.38,74
67162,1.0,0.0,4.0,0.0,1
66465,41.5,2.712,32.0,0.13,38
67354,28.0,52.52,15.0,0.42,59
67371,5.0,2.22,24.0,0.12,8
67377,12.0,2.22,15.0,0.25,4
67396,3.0,0.0,1.5,0.0,6
67637,6.5,0.0,4.0,0.0,12
67649,25.5,28.65,30.0,0.46,48
61154,72.5,9.36,2.0,0.09,11
67418,9.0,4.48,4.0,0.13,15
67737,2.0,0.0,2.0,0.0,2
22441,101.5,77.984,61.65,0.45,67
47228,45.0,50.749992,45.0,0.3,57
67967,19.0,11.236,20.0,0.13,38
32594,5.0,0.68,3.0,0.14,7
68003,1.5,0.0,7.5,0.0,1
49543,3.5,1.12,2.5,0.17,6
68118,13.0,67.276,162.0,0.69,26
68119,6.5,62.848,156.0,0.68,22
68121,4.0,0.0,1.0,0.0,9
53783,284.5,287.26048,163.0,0.41,107
68148,2.0,0.0,4.1,0.0,2
39194,207.0,,20.0,0.23,235
68298,5.0,0.96,21.0,0.33,6
49559,46.0,4.1,74.0,0.04,46
48284,13.0,3.56,20.0,0.25,8
68401,37.5,70.18024,30.0,0.25,55
68419,77.0,31.08,92.0,0.23,13
68433,3.0,0.0,1.1,0.0,8
68455,3.5,0.0,1.0,0.0,14
68460,3.5,0.0,2.0,0.0,1
67566,4.5,0.0,3.0,0.0,4
37925,1.5,0.0,52.0,0.0,2
56917,13.5,24.36,7.5,0.14,22
68494,7.0,0.0,5.5,0.0,8
68616,120.5,43.76,127.5,0.05,61
68647,2.0,2.14,4.0,0.14,7
49594,51.0,42.9,40.0,0.28,47
68602,15.5,14.76,7.5,0.19,21
48189,20.5,27.96,17.0,0.52,31
68861,2.0,0.0,5.14,0.0,7
68884,119.0,132.0,300.0,0.16,19
68896,1.0,0.0,0.6,0.0,4
68944,45.0,45.0,225.0,0.45,20
65973,8.5,0.0,5.0,0.0,12
43358,2.5,0.48,15.0,0.24,17
62346,7.5,0.52,1.0,0.12,8
67962,15.5,0.0,7.5,0.0,2
68189,8.0,3.12,5.0,0.07,28
68072,5.5,5.22,2.5,0.11,18
69039,2.0,0.0,12.0,0.0,2
47405,162.5,,30.0,0.39,121
69104,1.0,0.0,1.0,0.0,4
38498,16.5,0.0,66.0,0.0,2
46396,2.0,0.0,3.0,0.0,8
69278,8.0,0.0,3.0,0.0,8
69311,1.0,0.0,1.0,0.0,11
47143,18.5,3.45,14.0,0.08,25
69417,13.5,2.22,10.0,0.33,3
69463,1.0,0.36,6.0,0.14,14
69466,69.0,11.906,146.0,0.31,45
43353,30.0,24.16,27.0,0.38,45
27393,44.0,61.9984,40.0,0.38,78
69655,36.5,4.65,35.0,0.18,28
49667,15.5,5.88,15.0,0.1,21
69698,28.5,20.3,30.0,0.62,24
69746,42.5,0.0,24.0,0.0,1
69753,15.0,0.0,12.0,0.0,4
49677,23.0,51.68,55.0,0.23,30
69856,10.0,2.22008,5.0,0.22,23
69887,62.5,0.6,60.0,0.12,8
69968,20.0,8.04,35.5,0.71,7
49701,20.0,12.8416,53.0,0.31,26
70103,12.5,8.83984,7.5,0.36,22
70198,17.5,4.7608,15.0,0.25,12
70212,13.0,0.68,6.0,0.09,11
41469,1265.5,478.38008,1123.5,0.1,181
48204,1.0,0.0,1.0,0.0,7
70319,7.0,0.0,2.5,0.0,7
70377,37.5,17.78,34.22,0.38,24
70407,2.0,0.0,3.0,0.0,4
70421,5.0,0.0,5.0,0.0,3
70434,3.0,0.0,2.05,0.0,2
70436,4.5,0.0,8.25,0.0,5
70499,79.5,28.32,50.0,0.07,61
70527,12.0,0.0,7.54,0.0,7
48971,2.0,0.0,7.5,0.0,3
47651,5.0,6.93,4.0,0.25,20
70543,20.0,0.0,3.25,0.0,5
70574,1.5,0.0,2.0,0.0,1
49746,23.5,0.0,23.0,0.0,7
70621,62.0,150.38024,40.0,0.46,71
70646,25.5,21.14,56.0,0.16,44
70690,10.0,22.0,285.0,0.07,14
70666,19.0,0.0,0.75,0.0,11
70737,24.5,1.44,2.0,0.06,18
70742,22.0,17.50032,17.74,0.31,55
69339,13.0,0.0,1.0,0.0,9
70784,15.0,0.0,34.0,0.0,1
49763,20.5,7.1,15.0,0.12,32
70795,329.5,258.2,240.0,0.03,117
70842,11.0,6.9,10.0,0.31,16
70883,2.5,0.0,2.5,0.0,6
17678,1.0,0.0,4.0,0.0,2
54942,20.0,8.636,14.0,0.09,44
70937,123.0,126.15632,50.0,0.46,57
70980,3.0,0.0,0.75,0.0,9
70989,68.5,45.08,25.0,0.05,81
71050,5.5,11.0,1.0,0.17,6
71084,54.0,9.62,15.0,0.22,41
71098,3.0,0.052,2.5,0.09,11
71168,5.5,0.0,1.5,0.0,7
71172,19.0,0.0,39.5,0.0,7
71224,1.0,0.0,1.0,0.0,3
71243,7.0,0.0,2.0,0.0,1
68678,11.0,5.9608,7.5,0.48,21
71280,1.0,0.0,3.0,0.0,4
71314,4.0,0.0,0.25,0.0,5
71378,3.0,0.0,3.0,0.0,4
71379,5.5,0.0,3.85,0.0,3
71409,14.0,0.0,3.9,0.0,1
71435,18.0,34.26,10.0,0.36,44
71438,12.0,0.8,15.0,0.4,10
71439,12.0,17.48,8.0,0.16,32
71501,368.0,54.232,390.0,0.18,220
71519,7.5,0.0,5.65,0.0,3
71557,2.0,2.72,2.75,0.07,30
46855,3.0,0.0,3.0,0.0,4
71584,4.0,0.0,1.0,0.0,2
71628,4.5,15.18,3.0,0.22,9
71644,31.0,4.9448,22.58,0.22,51
71699,14.0,3.78,10.0,0.43,7
71708,19.0,0.88,15.0,0.12,25
71712,8.0,15.18,5.5,0.1,21
71742,2.0,0.0,5.0,0.0,1
71746,6.5,0.0,6.0,0.0,6
71796,9.0,6.18,9.0,0.15,13
71830,3.5,3.64,3.0,0.5,4
71870,14.0,1.72,30.0,0.16,19
71873,7.0,8.52,15.0,0.33,6
71874,21.5,1.56,70.0,0.03,30
71917,3.0,0.0,5.74,0.0,7
71925,28.5,0.12,52.5,0.1,10
71933,1.0,0.0,1.0,0.0,10
72040,4.0,0.0,1.0,0.0,8
72052,20.5,32.12,4.99,0.12,8
72082,4.0,0.0,4.0,0.0,2
72088,4.0,3.24,7.5,1.0,2
72109,7.5,0.0,1.25,0.0,1
72112,44.5,88.104,40.0,0.28,75
72139,6.0,0.0,4.0,0.0,14
71920,1.0,0.0,31.0,0.0,1
72189,0.5,0.0,60.0,0.0,2
72198,3.0,0.0,30.74,0.0,4
72232,7.5,0.0,12.4,0.0,3
71558,3.0,0.0,5.0,0.0,5
72015,4.5,0.0,62.0,0.0,1
72237,2.0,0.0,2.0,0.0,4
72244,5.0,44.8392,1.0,0.57,28
72265,27.0,31.752,35.0,0.4,35
72269,1.0,0.0,1.0,0.0,8
72291,15.0,0.0,1.0,0.0,7
72293,3.0,0.0,4.0,0.0,3
72297,2.5,3.96,3.0,0.2,5
72395,13.5,0.0,20.0,0.0,6
72406,2.0,3.96,1.5,0.33,3
72414,1.0,0.0,1.0,0.0,1
72528,39.5,46.312,40.15,0.35,63
72535,33.0,39.24,31.0,0.32,60
72557,7.5,0.0,1.0,0.0,6
72580,5.0,22.0,1.0,0.14,7
72605,10.0,5.16,1.0,0.29,17
72620,2.0,0.0,2.6,0.0,7
72624,44.0,0.0,40.0,0.0,14
49909,77.0,213.18032,153.0,0.49,118
72660,798.5,1374.268,385.0,0.34,191
72700,1.0,0.0,4.41,0.0,1
72713,43.5,17.16,23.0,0.4,5
72726,4.5,0.0,1.0,0.0,3
72763,3.5,0.84,3.05,0.14,7
72780,20.0,0.0,12.0,0.0,7
63529,5.0,0.0,41.0,0.0,1
72853,40.5,30.02,40.0,0.05,73
72857,17.0,3.94,15.0,0.5,8
72863,8.5,0.0,5.03,0.0,1
72874,6.5,21.1,5.3,0.2,20
72879,5.0,0.0,2.8,0.0,3
72886,53.0,26.48,37.5,0.27,44
72961,5.5,0.44,9.3,0.25,4
72965,40.0,23.04,45.0,0.09,34
72974,7.0,0.0,0.55,0.0,7
72752,12.0,2.22,10.0,0.1,10
72997,25.0,0.0,16.0,0.0,12
73033,1.0,0.0,1.0,0.0,4
73035,5.0,2.22,4.0,0.14,7
71966,2.0,2.22,1.5,0.25,4
73052,4.0,0.0,1.3,0.0,5
73055,74.0,97.62,82.65,0.48,44
73084,19.5,22.022,42.0,0.2,66
73096,2.0,0.0,0.5,0.0,6
73102,7.5,2.96,3.1,0.2,5
73178,28.0,0.0,77.0,0.0,7
73243,29.0,0.885992,17.0,0.16,25
73284,15.0,0.0,15.0,0.0,2
73285,38.0,12.3,156.45,0.02,45
73298,8.0,0.0,25.0,0.0,4
45820,65.5,57.8792,38.5,0.22,115
49960,11.0,11.7,11.5,0.1,21
67751,28.0,29.76,45.0,0.22,49
73424,2.0,0.0,0.5,0.0,7
73437,3.0,0.0,0.5,0.0,1
73467,7.5,14.4,36.22,0.67,3
73105,2.0,0.0,3.0,0.0,8
73522,1.0,0.0,1.25,0.0,3
73530,4.0,70.4424,180.0,0.61,36
73531,7.5,7.08,48.22,0.43,7
69358,40.0,19.33996,1.0,0.24,25
73606,21.0,4.22008,63.0,0.69,16
73616,8.5,0.0,47.0,0.0,7
73725,7.5,0.0,12.0,0.0,3
73735,7.5,11.8,36.22,0.4,5
73745,15.0,9.2,36.22,0.5,4
73758,5.0,0.0,17.55,0.0,5
73789,37.0,7.24,57.5,0.22,18
73794,1.0,0.0,73.19,0.0,3
73830,8.5,0.7592,8.5,0.23,22
73836,7.5,14.84,36.22,0.6,5
72089,115.5,,22.5,0.18,170
73868,9.0,0.0,2.05,0.0,5
73885,2.5,0.0,4.0,0.0,5
73909,9.0,8.46,15.0,0.55,20
73928,7.5,8.16,36.22,0.5,4
73989,8.5,0.0,0.5,0.0,8
74004,7.0,0.0,48.22,0.0,4
74005,8.5,0.0,0.5,0.0,4
73875,17.5,0.0,23.0,0.0,1
72759,5.5,0.2296,32.0,0.08,13
74048,17.0,0.52,0.5,0.2,5
43411,66.0,159.804,265.0,0.6,58
50034,12.5,0.0,8.5,0.0,16
74150,19.5,4.2,22.57,0.07,44
74190,19.0,0.736,3.0,0.24,17
74192,7.5,9.2,72.44,0.17,12
72933,102.0,91.42,75.0,0.29,126
74218,60.0,39.02,40.0,0.32,81
67897,46.0,18.9804,24.0,0.19,43
74341,3.5,2.2,5.69,0.2,5
18695,53.5,16.904,139.8,0.53,19
74390,5.5,7.36,31.48,0.73,11
74393,3.5,0.0,23.27,0.0,6
50061,4.0,0.0,9.0,0.0,12
74548,57.5,73.1976,78.52,0.31,101
74610,1.5,0.0,1.25,0.0,5
74616,3.0,0.0,2.0,0.0,2
73852,150.5,114.0,263.0,0.29,95
74315,5.0,0.0,6.0,0.0,4
48885,10.0,3.49992,10.0,0.17,12
74680,5.5,0.0,4.0,0.0,2
74696,3.0,1.4,3.0,0.2,5
74514,6.0,0.0,1.0,0.0,1
74592,2.5,0.0,4.0,0.0,1
74757,1.0,0.0,1.8,0.0,3
74786,30.5,44.04,10.0,0.31,48
74738,29.0,19.22,9.0,0.27,26
74600,6.5,0.0,5.0,0.0,1
74910,11.0,8.12,39.0,0.4,5
74921,1.5,0.0,1.0,0.0,3
74958,52.5,34.2,70.0,0.39,46
74571,7.5,0.0,4.0,0.0,1
75050,10.5,1.32,15.0,0.33,18
73803,6.0,9.44,8.0,0.75,16
75100,65.5,73.8,386.0,0.36,105
75154,192.5,70.579968,310.0,0.37,95
75161,33.0,0.0,30.0,0.0,4
74951,9.0,0.0,9.0,0.0,2
75194,1.0,0.0,5.1,0.0,2
73418,5.0,0.22,3.5,0.33,3
75269,3.5,0.0,3.5,0.0,5
72359,27.0,13.48,15.0,0.3,64
73788,9.0,1.3,4.0,0.11,18
75326,1.0,0.0,1.33,0.0,7
75395,28.0,26.64,32.0,0.55,20
67085,38.5,104.84,70.0,0.54,48
75472,7.5,25.52,38.97,0.4,5
75527,3.5,0.0,3.5,0.0,4
75543,11.5,0.0,4.0,0.0,6
75558,7.5,9.72,23.27,0.33,6
75563,3.0,0.0,5.0,0.0,3
75624,18.5,2.34,8.0,0.07,29
75635,6.0,4.88,6.0,0.25,24
75565,5.5,6.43,2.5,0.3,10
15607,21.0,0.0,15.0,0.0,14
75758,3.0,0.0,9.04,0.0,5
75729,40.0,56.47,30.0,0.32,41
45413,22.0,3.16,21.0,0.25,16
75476,8.0,0.0,7.5,0.0,4
75820,6.0,5.92,4.3,0.11,19
75821,17.5,42.424,25.0,0.33,12
75846,5.5,8.26,5.0,0.57,7
75880,3.5,8.52,38.22,0.25,4
72229,2.0,5.62,2.5,0.14,7
76026,2.5,4.08,2.5,0.22,9
76045,157.5,22.648,71.0,0.17,75
75968,2.0,0.0,2.0,0.0,5
76139,8.5,4.54008,10.0,0.32,25
75351,3.5,0.0,2.0,0.0,9
65083,29.0,26.312,21.0,0.22,46
76157,8.5,0.0,1.45,0.0,6
76137,7.0,3.64,5.0,0.25,8
76200,19.0,2.5,0.05,0.11,46
76201,7.5,9.72,23.27,0.29,7
50208,6.5,15.18,10.0,0.12,16
76165,31.0,11.849996,26.5,0.22,59
50213,32.0,5.54,14.0,0.13,15
76311,1.0,0.0,6.0,0.0,3
50215,10.0,20.2,10.0,0.33,12
44457,121.5,36.73992,237.6,0.62,24
63727,28.5,0.0,31.5,0.0,12
76385,1.0,0.0,9.0,0.0,1
76435,5.0,0.0,0.25,0.0,7
76436,1.0,0.0,0.5,0.0,4
76438,8.0,10.04,29.0,0.31,16
22707,68.0,276.0,105.0,0.25,114
76461,7.5,3.92,23.27,0.33,6
76564,7.0,0.0,2.1,0.0,4
72200,51.5,2.62,1.0,0.11,61
76605,14.0,13.60784,15.0,0.21,47
76614,3.0,0.16,5.0,0.06,17
76615,33.5,13.699976,20.0,0.38,58
76622,1.0,0.0,23.27,0.0,12
40735,13.0,5.0168,14.54,0.22,36
75922,20.0,16.338,24.0,0.29,58
42365,1.5,0.0,6.0,0.0,1
76666,24.5,49.3192,20.0,0.34,53
76696,142.5,4.44,10.85,0.33,3
76703,8.0,0.0,8.0,0.0,3
76037,30.0,37.672,7.5,0.17,47
76789,1.0,0.0,2.5,0.0,2
72889,7.0,0.0,7.5,0.0,5
71459,9.0,2.79,4.5,0.36,11
50272,85.0,14.04,30.0,0.55,42
73127,5.0,0.0,6.5,0.0,8
20848,140.5,35.506,134.5,0.25,102
76996,7.5,28.32,23.27,0.33,3
42597,2.0,0.0,104.0,0.0,1
77005,7.5,0.0,23.27,0.0,3
77053,10.0,0.0,3.5,0.0,1
46570,14.5,0.0,13.5,0.0,1
77104,11.5,0.0,12.5,0.0,4
77135,43.0,169.86604,69.15,0.5,38
77137,52.5,57.7928,47.5,0.4,52
77159,8.0,0.0,0.5,0.0,7
77165,19.5,38.35968,12.0,0.43,53
77175,48.5,40.01992,38.5,0.28,57
76381,18.0,13.94,77.0,0.07,14
77230,1.0,0.0,0.25,0.0,3
74688,3.0,1.98,204.0,0.42,12
75236,13.0,18.91984,15.0,0.41,29
50298,5.0,0.0,2.0,0.0,7
72751,3.0,0.0,27.5,0.0,2
77364,23.0,23.032,25.0,0.38,39
77423,9.5,0.0,16.0,0.0,9
76939,27.0,58.552,22.5,0.05,21
75388,13.0,74.56,2.0,0.1,77
77476,20.0,38.2,20.0,0.21,43
77521,39.0,17.48,8.0,0.41,39
72996,8.5,0.0,10.0,0.0,11
75990,80.0,62.25992,341.0,0.44,64
77633,3.0,0.0,4.3,0.0,8
76144,13.0,0.0,2.0,0.0,11
77703,2.0,0.0,18.0,0.0,3
77648,8.0,5.590008,9.0,0.13,15
77783,2.5,0.0,6.0,0.0,4
27458,3.5,8.64,27.0,0.12,25
77817,15.0,0.0,30.0,0.0,4
77839,5.0,0.0,6.5,0.0,1
77116,218.5,12.8416,92.0,0.16,73
77882,2.0,39.86,1.3,0.52,29
77935,13.0,12.4,2.6,0.5,4
17936,453.5,512.65,342.0,0.24,333
44668,238.0,,282.0,0.28,214
77952,2.0,0.0,3.0,0.0,4
78044,1.0,0.0,102.1,0.0,2
78056,10.0,0.0,38.72,0.0,4
78079,29.5,2.96,24.0,0.14,7
78099,55.5,0.24,11.0,0.14,14
78136,1.5,0.0,3.5,0.0,3
78165,4.0,0.5,8.17,0.22,9
36615,63.0,,34.0,0.42,52
78218,4.0,0.0,4.0,0.0,6
47188,2.0,2.42,12.0,0.5,6
987,42.0,2.16,5.0,0.12,17
78374,12.0,11.059984,10.0,0.2,20
78376,25.5,36.58,30.0,0.29,59
78392,7.5,6.018,19.5,0.21,38
76268,19.0,1.36,11.5,0.17,18
78407,1.0,0.0,2.0,0.0,2
78412,3.0,1.4,2.0,0.12,8
78427,7.5,6.6,5.0,0.17,6
78434,117.0,10.6016,28.0,0.2,15
78448,24.0,41.93992,24.0,0.48,31
50397,16.5,13.78,1.5,0.2,44
75674,50.5,55.5,70.0,0.11,19
78544,5.0,8.52,0.25,0.12,8
78545,1.0,0.78,1.0,0.25,4
50407,4.0,0.0,2.0,0.0,10
78579,5.0,0.0,11.0,0.0,7
65992,125.5,43.0808,78.0,0.11,129
40449,297.5,108.24,63.0,0.19,167
78591,2.5,9.55984,3.1,0.4,5
78627,3.0,0.08,4.0,0.1,10
78634,5.5,4.12,7.5,0.44,16
78644,2.0,0.0,2.0,0.0,5
78647,8.5,15.6,73.74,0.11,9
78671,3.0,0.0,3.0,0.0,2
77901,5.5,1.12,4.0,0.07,14
77730,46.5,9.324,21.0,0.19,75
66353,17.0,0.0,744.0,0.0,17
74228,33.5,2.52,21.0,0.25,4
78830,5.0,17.1,0.25,0.18,17
78883,21.0,8.3,22.5,0.2,30
73322,74.0,43.112,317.5,0.35,46
78943,368.5,0.0,1.3,0.0,19
76904,3.0,0.0,5.0,0.0,5
50438,18.0,2.58,10.5,0.15,27
78956,12.0,12.6016,29.5,0.45,29
78753,13.5,8.74,15.0,0.24,37
79017,5.5,3.22,128.9,0.29,7
79082,25.0,17.28,75.0,0.64,28
72573,46.5,1.04,15.0,0.02,46
79141,15.0,14.14,0.5,0.2,10
79148,4.5,4.58,3.41,0.13,15
79155,1.0,5.92,4.05,0.15,13
79158,45.5,65.9,60.0,0.55,56
79160,10.0,9.1714,7.5,0.3,40
47599,1.0,13.2,45.15,0.33,3
79200,13.5,3.6,20.0,0.25,8
79243,9.0,7.0,45.0,0.24,25
73065,40.0,42.822,38.5,0.36,66
79270,400.5,,60.0,0.26,76
79284,4.0,0.0,2.0,0.0,4
79309,13.5,21.74,30.0,0.41,41
39146,31.0,10.04,35.0,0.32,53
76976,56.5,17.56,45.0,0.04,45
77948,6.5,2.03,4.5,0.15,13
73787,39.0,19.716,30.5,0.34,68
79402,6.0,0.0,110.0,0.0,4
79407,1.0,0.08,5.5,0.33,3
31259,27.5,18.28,50.15,0.53,19
79432,1.0,0.0,1.3,0.0,5
79548,19.5,19.0,66.76,0.09,23
79550,5.5,1.12,20.0,1.0,1
16209,66.5,81.776,118.0,0.37,87
79681,3.0,0.88,3.0,0.33,3
78517,3.5,0.0,8.0,0.0,2
79751,2.0,0.0,1.3,0.0,7
79756,59.0,80.35968,100.0,0.54,81
79807,3.0,0.0,1.25,0.0,5
79810,8.0,4.24,48.0,0.22,18
50525,8.5,0.0,4.0,0.0,3
50527,8.5,0.0,3.0,0.0,5
79866,8.0,0.0,8.0,0.0,4
79872,24.5,4.44,45.0,0.11,9
79896,1.0,0.0,0.75,0.0,1
79912,58.0,,30.0,0.36,59
79930,1.5,3.96,9.5,0.33,3
79941,9.5,2.5,5.0,0.27,11
45965,27.5,33.1,35.0,0.3,44
80055,6.5,3.062,6.0,0.14,14
27590,98.0,252.820136,48.5,0.43,124
80133,5.0,17.76,2.0,0.14,22
80140,27.0,63.58,10.27,0.38,34
80154,6.0,5.92,2.5,0.11,18
75222,3.0,0.12,70.0,0.33,3
79545,41.5,,120.0,0.47,32
80268,5.0,1.32,5.05,0.17,6
80314,12.0,0.0,3.6,0.0,3
80356,47.5,44.06,41.0,0.19,53
78716,13.0,3.12,4.0,0.35,17
41728,10.0,1.969992,40.0,0.17,12
46022,6.0,0.98,5.5,0.12,26
80565,48.0,12.09996,29.5,0.21,58
80563,5.0,18.3,4.9,0.5,6
80581,15.0,4.72,17.0,0.2,10
79506,4.0,0.82,4.0,0.08,12
80542,2.0,0.0,2.0,0.0,7
80644,7.5,12.22,16.88,0.5,4
72958,31.5,18.67,23.5,0.32,53
50613,55.5,62.92,7.5,0.44,43
80769,21.5,0.0,55.0,0.0,1
80810,274.5,102.419976,135.0,0.12,129
80821,1.5,2.96,2.5,0.5,2
80832,15.0,17.6,9.34,0.2,5
80836,9.5,0.0,9.0,0.0,10
50620,30.5,17.44,29.5,0.71,14
81005,19.0,9.5,26.0,0.2,40
81015,7.5,9.55984,9.34,0.4,5
79570,6.0,0.0,4.0,0.0,4
80805,1.5,0.0,2.0,0.0,3
81098,2.0,0.0,8.79,0.0,4
48496,12.0,15.432,8.0,0.29,41
43791,24.5,0.0,30.0,0.0,8
81118,104.0,105.55976,290.05,0.29,96
81193,11.0,0.0,5.0,0.0,14
81212,1.0,0.0,38.5,0.0,13
75486,9.5,4.84,19.7,0.14,28
81296,5.0,0.0,1.25,0.0,8
60161,10.5,0.54,22.5,0.3,10
81324,16.0,0.0,141.0,0.0,1
81345,6.0,0.0,4.24,0.0,7
81373,23.5,2.05,30.0,0.12,16
76224,22.5,32.1,105.4,0.68,22
81444,28.5,2.22,37.0,0.05,20
81447,3.5,0.0,3.0,0.0,4
81475,7.5,7.76,7.54,0.18,17
81480,10.5,0.0,7.45,0.0,8
81495,10.0,0.0,15.0,0.0,3
81498,1.0,0.0,1.25,0.0,4
81215,1.0,3.64,1.0,1.0,2
81665,5.0,0.0,1.25,0.0,8
81713,101.5,62.952,29.0,0.23,77
50685,76.5,34.632,60.0,0.19,57
81828,3.0,0.0,1.25,0.0,8
81831,15.0,12.22,21.55,0.4,5
81997,7.5,0.0,4.0,0.0,3
82062,6.0,0.0,8.0,0.0,3
82068,3.0,2.96,3.1,0.2,5
82209,5.0,0.0,1.5,0.0,7
82225,25.0,49.429992,70.0,0.71,28
82238,5.0,14.96,10.0,0.2,5
82285,10.0,0.0,3.0,0.0,15
82294,12.0,6.4,14.0,0.29,7
33720,34.5,0.08,7.5,0.05,21
82424,59.0,45.339984,26.7,0.28,43
82448,5.0,23.36,30.0,0.55,11
50754,45.5,27.78,39.5,0.06,63
82575,1.5,0.0,30.0,0.0,6
77548,59.0,6.648,30.0,0.23,40
81882,5.5,0.0,3.0,0.0,17
82643,23.0,7.2416,16.0,0.22,46
82649,4.5,12.96,3.0,0.11,9
82335,30.0,8.33,28.0,0.12,42
46181,7.0,14.54,7.0,0.28,29
82849,10.5,2.22,7.5,0.33,3
82875,2.0,0.0,2.0,0.0,4
83121,27.5,14.28,26.19,0.44,39
83148,2.0,0.0,1.25,0.0,7
83154,6.5,0.0,4.0,0.0,8
76274,168.0,19.49992,114.0,0.18,142
74649,9.0,23.52,7.5,0.22,23
83269,7.5,8.5216,3.85,0.67,12
83284,7.5,11.3576,2.55,0.86,22
83286,14.0,2.96,7.0,0.17,6
83291,18.0,12.82,20.0,0.27,51
83298,1.0,0.0,1.3,0.0,4
83310,1.0,0.0,1.3,0.0,5
83313,8.5,0.0,9.5,0.0,1
83219,8.0,1.36,6.0,0.2,5
41796,1.5,0.0,10.0,0.0,3
83348,7.0,4.56,19.55,0.6,10
78522,15.5,17.04,28.0,0.04,24
83409,7.0,0.0,19.0,0.0,6
83437,3.0,0.0,1.25,0.0,6
82115,6.0,0.0,6.0,0.0,8
83480,1.0,0.0,1.3,0.0,15
83339,40.0,0.0,120.0,0.0,1
83504,7.5,9.56,8.29,0.5,4
50856,2.0,0.0,2.0,0.0,4
83521,5.5,0.44,4.61,0.2,5
83573,5.5,0.0,6.0,0.0,1
83634,16.0,25.31176,9.0,0.19,36
50866,25.0,0.0,16.0,0.0,1
83709,2.5,0.0,3.0,0.0,2
83741,50.5,2.36,30.0,0.2,10
83786,3.0,2.96,2.5,0.1,10
83798,11.0,26.43976,82.5,0.42,62
83811,1.0,2.22,30.0,0.12,8
50880,8.0,46.22,120.0,0.6,5
83839,17.0,2.8,18.0,0.18,38
83866,3.0,0.0,3.0,0.0,1
83900,1.75,0.0,23.27,0.0,2
83903,5.0,1.7,3.0,0.33,6
83923,7.5,4.4392,17.5,0.67,6
83926,2.0,0.0,2.0,0.0,7
83710,50.5,34.34,7.5,0.36,64
83928,10.0,0.0,10.5,0.0,4
83932,4.0,0.0,1.25,0.0,9
83935,8.0,3.6,21.0,0.83,6
83946,22.5,52.45992,64.0,0.43,28
83979,20.0,8.52,16.0,0.11,9
82246,10.0,2.96,4.0,0.06,17
83982,7.5,9.12,8.68,0.33,6
83991,4.0,0.0,1.55,0.0,8
84077,7.5,9.12,23.27,0.22,9
39865,24.0,9.50016,13.5,0.21,34
46142,37.5,13.62,37.5,0.09,57
50916,3.0,2.96,4.0,0.17,6
84046,3.5,0.0,6.0,0.0,12
43476,253.0,531.35,200.0,0.26,161
84230,7.5,10.16,37.06,0.29,7
84241,7.5,9.12,30.03,0.5,4
84260,8.5,9.12,55.11,0.33,6
84290,7.5,2.16,57.24,0.28,18
47050,15.0,45.68,382.5,0.67,9
84347,10.0,1.92,10.0,0.32,19
84369,51.5,34.69992,7.5,0.17,116
84396,1.0,2.96,3.55,0.25,4
84403,1.0,0.0,6.0,0.0,1
9821,16.0,0.0,170.0,0.0,2
77818,12.0,0.0,20.0,0.0,2
84412,23.0,0.34,41.42,0.12,8
84416,8.0,1.04,3.0,0.17,6
84519,6.5,0.78,6.0,0.05,20
40055,88.5,170.86,98.0,0.46,37
84611,6.5,8.52,9.0,0.11,9
84612,64.0,29.72,21.0,0.28,65
84632,108.0,0.0,4.0,0.0,6
50959,5.0,9.484,7.0,0.55,42
84737,13.0,2.96,1.35,1.0,1
50972,9.5,0.0,8.0,0.0,4
38170,37.5,0.88,206.3,0.27,15
84818,17.0,0.0,70.0,0.0,2
84823,22.5,26.2,2.9,0.21,14
84825,3.0,0.12,0.5,0.12,8
84854,4.0,2.96,5.35,0.25,4
84671,3.0,0.82,5.0,0.17,6
84864,2.0,0.0,0.5,0.0,7
84873,1.0,0.0,1.12,0.0,3
84878,3.0,24.08,0.5,0.5,14
84897,5.0,1.12,5.06,0.11,9
84905,15.0,1.64,1.3,0.5,2
84926,4.0,0.0,1.25,0.0,8
46397,26.0,41.72,141.0,0.59,37
84941,20.5,4.68,13.0,0.28,32
18648,408.0,394.94,316.5,0.2,353
84974,1.0,0.7,13.05,1.0,1
84998,2.5,2.96,2.5,0.5,2
84637,15.0,33.94,15.0,0.1,20
85037,31.0,9.56,32.0,0.11,36
2922,103.0,496.102,135.5,0.33,127
85169,25.0,27.38024,22.5,0.52,31
51018,23.0,7.42,11.0,0.17,18
85188,4.0,2.96,2.25,0.14,7
81769,70.0,28.7152,2.0,0.37,62
85210,4.0,1.64,4.0,0.25,4
84499,5.0,0.0,5.5,0.0,4
85317,6.5,3.2,5.4,0.2,10
51034,37.0,0.0,60.0,0.0,2
85374,22.5,30.71,18.0,0.19,52
85375,2.0,0.0,0.5,0.0,12
85380,5.0,0.0,2.95,0.0,5
85382,7.5,2.1,1.9,0.57,7
51039,48.0,26.66,242.5,0.39,49
51047,2.0,0.0,15.0,0.0,3
84742,4.0,4.4,4.0,0.12,8
85502,1.5,0.0,9.0,0.0,1
85535,15.5,6.24,15.0,0.09,33
85278,7.0,8.04,65.25,0.5,10
75256,8.5,14.3459984,7.0,0.21,38
51055,20.5,0.0,30.0,0.0,1
47803,27.0,0.0,84.0,0.0,1
85720,2.0,0.0,5.0,0.0,2
85723,42.17,6.66,31.15,0.4,5
85275,2.0,0.0,5.0,0.0,3
85776,26.0,31.16,30.0,0.29,48
85800,17.5,54.019984,12.39,0.68,31
85820,42.0,24.24,842.72,0.44,18
85827,4.5,12.96,4.0,0.2,5
85855,4.0,6.18,3.5,0.25,8
85928,3.5,2.96,15.5,0.25,4
85748,4.0,0.0,3.0,0.0,2
86015,35.5,2.96,1.25,0.14,7
85501,6.0,0.0,6.0,0.0,15
51097,1.5,0.0,3.0,0.0,5
80778,57.0,54.08,39.5,0.33,60
81681,16.0,1.54,15.0,0.1,20
86051,1.0,0.0,1.5,0.0,4
73672,77.5,120.72,481.5,0.3,56
81659,50.0,0.0,42.0,0.0,28
67380,112.5,0.0,94.0,0.0,37
85142,7.0,1.56,8.0,0.07,15
86227,16.0,5.92,43.6,0.14,7
86257,72.5,92.25996,95.0,0.23,139
86260,20.0,59.272,40.0,0.57,14
86262,2.0,7.28,2.0,0.8,10
86284,5.0,0.96,12.0,0.4,5
86295,1.0,0.0,0.5,0.0,8
86303,50.0,5.92,15.15,0.08,12
86311,42.0,75.98,60.0,0.53,81
86340,11.0,0.34,20.0,0.17,6
86485,4.0,2.96,1.25,0.14,7
86495,347.0,0.0,1.0,0.0,1
86529,22.0,5.88,30.0,0.08,24
86530,5.0,2.96,7.0,0.25,4
86620,37.0,46.46,31.85,0.45,33
86654,10.0,3.08,35.0,0.09,11
86670,7.5,0.0,8.5,0.0,10
86749,8.0,0.0,8.0,0.0,3
86777,2.0,0.0,5.5,0.0,4
86819,1.0,0.0,2.5,0.0,1
86866,5.0,6.66,9.15,0.24,17
86880,10.0,2.96,13.0,0.11,9
84480,5.0,0.0,4.0,0.0,1
86923,12.0,2.96,11.68,0.14,7
86944,66.0,75.84,69.0,0.34,50
87021,1.0,0.0,5.0,0.0,1
87072,4.5,7.64,9.9,0.4,5
87088,12.0,6.96,4.5,0.38,8
85782,15.5,0.0,15.5,0.0,7
87145,5.0,15.18,30.0,0.2,10
84893,7.5,0.0,5.0,0.0,1
87181,10.0,5.5,10.0,0.08,24
87273,5.0,3.37,7.5,0.13,15
87275,7.5,9.24,9.9,0.33,6
87332,19.5,1.23,7.5,0.08,13
87334,4.0,1.32,4.0,0.2,5
87372,4.0,2.96,3.0,0.17,6
87387,3.0,6.0416,1.0,0.26,27
11200,23.0,7.62,2094.0,0.67,15
85584,90.5,46.37992,57.0,0.48,64
87499,3.0,0.0,8.0,0.0,1
87514,4.0,0.272,4.0,0.43,7
87018,2.5,3.96,2.0,0.14,7
87569,7.5,6.62,6.5,0.12,24
86904,2.0,1.12,8.0,0.38,16
87587,5.0,2.96,1.5,0.14,7
87602,16.0,31.4808,37.5,0.44,48
87408,2.0,3.96,2.0,0.25,4
87687,4.0,5.98,19.52,0.4,5
87691,149.5,480.872,7.5,0.12,60
87705,4.5,0.0,5.0,0.0,3
84318,7.5,6.42,10.0,0.14,22
87729,3.0,2.96,4.4,0.09,11
85191,7.0,32.32,15.0,0.09,32
21510,77.5,8.36,71.15,0.56,9
87826,11.5,0.0,14.5,0.0,3
87835,5.01,0.0,7.5,0.0,2
86879,2.0,3.96,3.0,0.2,5
87873,4.5,2.96,3.5,0.14,7
87895,27.5,0.86,28.5,0.11,38
87899,4.0,6.6,7.0,0.25,4
87907,4.5,5.92,10.0,0.13,15
87912,5.5,0.0,8.53,0.0,5
88124,3.5,0.0,7.5,0.0,12
88156,7.5,2.22,7.5,0.1,10
84918,10.0,7.26,10.0,0.65,23
88319,4.0,6.7,6.28,0.25,12
88409,3.0,5.92,0.5,0.29,7
46149,186.0,59.2392,140.0,0.39,23
88527,4.0,6.6,12.65,0.2,5
88561,14.5,70.89992,59.5,0.24,42
88602,3.0,5.92,1.5,0.5,4
88638,4.0,12.22,8.0,0.5,4
88639,13.0,0.0,10.0,0.0,6
80518,208.5,28.76,83.0,0.14,102
40869,110.0,38.48,45.09,0.32,91
88647,7.5,0.44,8.0,0.25,4
71508,12.0,13.139984,21.0,0.5,14
88699,3.0,2.96,11.5,0.09,11
2905,2.5,11.88,2.5,0.12,8
88707,10.0,4.0,2.0,0.29,7
79043,5.0,0.34,98.0,0.08,12
88720,22.5,0.0,2.0,0.0,4
48839,18.0,5.78008,13.88,0.24,55
88747,4.0,2.96,10.92,0.25,4
88864,4.5,2.05,5.0,0.07,15
88922,10.5,2.96,3.5,0.1,10
88936,7.5,0.44,9.9,0.25,4
89091,4.0,12.22,9.9,0.5,4
89166,2.0,3.96,15.0,0.17,6
89172,3.0,2.08,0.14,0.17,6
89183,10.0,5.92,6.0,0.14,7
81152,15.0,3.12,30.0,0.33,3
75724,15.0,0.0,30.0,0.0,1
89213,4.0,12.22,9.9,0.5,4
84620,17.0,23.3,15.0,0.1,20
51421,4.0,22.352,2.0,0.5,12
89245,2.0,0.66,3.0,0.17,12
89295,10.0,5.92,5.0,0.17,6
89328,4.0,12.22,9.9,0.5,4
88978,21.0,9.31984,11.0,0.67,3
89362,3.0,12.84,27.0,0.8,5
89507,13.0,21.6,17.0,0.23,31
89518,11.5,12.22,9.9,0.4,5
44406,3.5,29.0,7.5,0.2,15
89557,4.0,0.12,14.3,0.06,18
78140,16.0,11.10016,31.5,0.62,16
51464,6.0,0.32,15.0,0.5,6
89674,3.5,3.28,3.0,0.12,8
86411,2.0,1.12,5.0,0.33,3
86412,3.0,0.0,2.0,0.0,2
89694,1.0,0.0,23.18,0.0,1
89761,17.5,6.568,10.0,0.28,39
89766,21.0,38.78,45.0,0.24,58
89856,47.0,17.552,40.0,0.26,54
89857,3.0,10.34,4.0,0.22,9
89231,21.0,8.02,30.0,0.09,33
89871,5.0,0.0,5.0,0.0,4
89954,2.0,2.96,0.85,0.12,8
89998,8.5,22.98,8.0,0.14,21
90064,4.0,3.08,21.85,0.29,7
90140,11.0,1.42,6.0,0.12,26
90150,1.0,1.62,3.0,0.2,5
45573,67.0,0.0,75.0,0.0,1
76327,6.0,0.0,20.0,0.0,6
88168,14.0,4.56,4.4,0.33,6
90379,15.5,0.0,5.5,0.0,5
90387,8.5,,58.15,0.61,18
89317,8.0,0.0,5.0,0.0,2
90436,3.5,0.0,6.0,0.0,1
90445,4.5,0.0,12.0,0.0,6
88146,4.5,8.54,47.5,0.1,10
90490,27.05,0.0,1.0,0.0,3
84582,8.0,0.0,50.0,0.0,4
90680,4.0,30.76,24.28,0.11,35
90273,2.0,0.0,5.5,0.0,13
45684,69.5,16.834032,72.65,0.35,57
85429,8.0,0.88,64.0,0.17,12
31185,21.0,0.0,75.0,0.0,1
51569,7.0,0.0,15.0,0.0,1
51570,13.5,0.0,30.0,0.0,1
90760,15.5,4.92,14.0,0.19,16
2155,89.0,197.0,95.0,0.27,66
89429,5.5,0.0,4.0,0.0,3
91018,2.38,0.0,5.5,0.0,11
18491,365.5,414.86,730.0,0.4,202
91036,34.0,38.4408,18.0,0.29,24
51598,23.0,15.04,10.0,0.25,32
91126,72.0,0.0,48.0,0.0,1
91131,4.0,8.24,1.9,0.4,5
84392,42.5,26.012,44.0,0.27,71
91254,61.0,0.0,10.69,0.0,1
91285,65.0,0.0,22.46,0.0,9
89157,1.0,2.96,1.5,0.5,2
73244,37.0,9.6,26.5,0.12,17
48923,14.5,36.7512,15.0,0.26,43
91354,5.0,84.88,17.5,0.58,33
91393,13.0,95.84,67.0,0.75,12
91402,2.0,0.0,2.0,0.0,3
91494,3.0,2.96,2.92,0.33,3
33019,7.0,0.0,81.0,0.0,1
91363,3.5,0.0,5.0,0.0,5
51641,16.0,0.9992,16.89,0.3,20
91704,1.5,0.0,5.5,0.0,2
88380,6.5,0.0,6.0,0.0,1
91730,39.5,5.6,30.0,0.04,46
91799,4.0,0.0,13.0,0.0,5
50489,8.5,4.84,33.0,0.5,2
85489,29.0,26.1996,18.0,0.36,64
91857,2.5,0.0,0.5,0.0,1
91014,1.5,0.0,5.0,0.0,3
91924,15.0,9.4096,2.0,0.4,15
45362,5.0,0.52,6.0,0.08,13
91985,3.0,3.26,3.0,0.15,13
92000,2.0,0.0,1.5,0.0,2
92028,5.0,3.98,5.0,0.5,4
92102,11.0,12.4396,14.0,0.4,15
43504,11.5,2.96,12.0,0.1,10
92265,10.5,0.44,4.0,0.09,11
91713,5.0,0.0,4.0,0.0,3
92290,3.0,9.68,4.0,0.25,16
92295,7.5,3.12,7.5,0.05,19
92303,21.0,0.0,5.0,0.0,5
92161,4.0,0.0,4.0,0.0,2
30617,68.0,116.243968,54.0,0.42,88
90772,4.0,0.0,7.5,0.0,11
92366,50.5,29.719808,3.0,0.46,59
92376,15.5,0.0,24.0,0.0,3
92427,42.0,11.84,7.0,0.09,11
85536,4.5,0.0,4.0,0.0,2
92513,4.0,0.0,76.0,0.0,5
92528,1.0,0.0,2.0,0.0,13
92554,10.5,1.56,4.0,0.4,5
51733,55.0,24.58,125.5,0.14,90
89863,32.0,0.34,3.74,0.2,10
92763,3.0,2.22,3.0,0.1,10
92843,14.0,5.92,4.0,0.14,7
89430,5.0,0.0,5.0,0.0,2
85848,79.0,21.12,86.0,0.41,34
93157,2.0,0.41,3.0,0.14,7
92519,4.0,0.0,4.0,0.0,2
93012,17.0,50.94,15.0,0.56,27
92481,9.0,0.0,6.0,0.0,3
93439,4.0,0.0,4.0,0.0,9
93484,4.0,8.54,2.58,0.19,16
93487,8.0,5.32,1.0,0.25,8
93545,3.0,10.04,0.5,0.2,10
90467,5.5,0.0,6.0,0.0,2
93678,15.0,0.0,6.9,0.0,12
93680,9.0,0.0,26.0,0.0,2
93720,2.5,0.6,5.0,0.6,5
93740,4.0,0.0,4.0,0.0,3
42177,24.0,47.41992,204.0,0.5,34
93835,57.0,118.18,130.0,0.65,26
46126,8.5,5.52,8.0,0.08,26
40853,39.5,25.79,23.5,0.23,52
90590,6.0,0.0,6.0,0.0,3
51877,7.0,0.0,3.0,0.0,5
94187,1.0,3.96,2.0,0.2,5
88211,11.0,1.64,8.5,0.07,15
94224,1.0,0.0,125.0,0.0,3
93342,5.0,0.0,4.0,0.0,2
94250,2.0,0.0,4.85,0.0,4
94289,2.0,0.0,29.55,0.0,4
89927,13.5,4.4,13.5,0.11,19
45918,17.5,46.3699984,19.0,0.38,56
94077,1.5,0.44,2.0,0.11,9
94418,4.0,2.96,4.0,1.0,1
90652,4.5,0.0,4.0,0.0,2
83590,8.5,0.0,4.0,0.0,2
75487,12.0,0.0,75.0,0.0,6
94565,3.5,1.04,5.0,0.1,10
32155,23.0,33.0008,47.0,0.67,36
51949,36.0,13.96,37.5,0.1,50
94874,3.0,6.4,3.0,0.22,9
46705,2.0,0.26,10.0,0.12,8
95066,12.5,8.0924,17.29,0.37,43
83186,15.0,0.0,15.5,0.0,17
92527,5.5,0.0,4.0,0.0,3
95180,5.0,2.98,20.0,0.62,8
86579,5.5,0.0,7.5,0.0,2
51990,7.0,0.0,3.0,0.0,9
95343,1.5,4.189992,3.0,0.5,4
95278,4.0,0.0,4.0,0.0,2
95552,5.0,2.6,18.0,0.09,11
90814,7.0,3.14,60.0,0.08,13
52017,10.0,0.0,18.0,0.0,9
95695,6.0,0.0,15.0,0.0,3
89640,4.5,24.7,212.0,0.5,30
84960,88.0,31.9,107.0,0.23,77
84961,91.5,15.5804,108.0,0.31,71
95830,9.0,,67.0,0.79,19
37843,2.0,36.3,15.0,0.4,5
52044,17.5,1.3,10.0,0.17,12
95797,2.0,0.0,16.0,0.0,1
52047,67.5,0.0,68.0,0.0,35
95902,3.0,2.96,3.0,0.2,5
95971,7.5,0.0,4.99,0.0,9
82185,15.0,0.0,30.0,0.0,7
96144,2.0,0.0,4.0,0.0,3
96226,7.5,0.0,12.0,0.0,6
96244,4.0,2.96,4.9,0.25,4
96263,2.5,0.0,0.75,0.0,6
96348,7.5,3.96,4.9,0.17,6
94647,67.0,81.28,75.0,0.4,84
96351,22.5,0.0,1.45,0.0,4
96355,4.5,1.12,4.9,0.5,2
96363,1.0,0.0,4.9,0.0,2
96372,15.0,0.0,0.18,0.0,2
90923,7.5,0.0,8.0,0.0,2
40211,8.0,0.0,8.0,0.0,11
94461,5.5,2.35,10.0,0.25,8
96605,1.0,2.96,1.0,1.0,1
94065,8.5,0.0,6.0,0.0,3
96685,12.0,0.52,10.0,0.12,8
96739,7.0,2.96,6.0,0.2,5
86798,3.0,0.0,11.5,0.0,2
96771,1.0,0.0,2.0,0.0,1
54086,11.5,0.0,145.0,0.0,5
90362,11.0,0.0,11.5,0.0,1
96190,10.0,3.348,17.0,0.35,17
96904,7.5,0.0,4.9,0.0,8
96928,7.5,6.6,18.9,0.17,6
95399,32.0,0.0,21.5,0.0,3
52158,96.0,107.139984,175.0,0.27,145
95898,2.0,0.0,5.5,0.0,2
95378,3.5,0.0,4.0,0.0,2
96641,12.0,11.68,15.0,0.86,7
52214,3.0,10.46,70.0,0.15,13
52241,5.0,0.0,3.5,0.0,7
96749,2.0,0.0,11.0,0.0,5
47438,44.0,18.70032,34.0,0.21,61
52291,42.0,1.04,2.0,0.08,13
21248,70.0,32.27,41.0,0.19,54
13063,30.0,14.74,23.96,0.24,63
48416,3.5,0.352,1.5,0.21,14
52490,42.0,13.579984,4.0,0.1,42
52493,8.5,0.0,3.0,0.0,9
52542,14.0,2.96,7.0,0.09,11
52569,124.0,144.14,105.0,0.31,154
52624,19.5,0.0,7.5,0.0,8
52640,70.0,214.34032,60.0,0.44,18
52657,44.0,44.22,235.0,0.3,60
52673,148.0,142.3,180.0,0.29,136
52695,16.5,93.26,89.0,0.44,16
52696,3.0,0.0,76.0,0.0,3
52753,25.0,34.73,15.0,0.33,49
52777,12.0,2.8,16.0,0.08,13
44919,46.0,122.9216,48.0,0.58,38
52935,16.0,18.96392,15.0,0.25,87
53006,10.0,0.24,5.0,0.1,21
53010,5.5,1.64,23.5,0.11,9
53036,2.0,0.0,6.0,0.0,4
48035,56.0,47.19,55.0,0.12,92
36744,5.0,7.56,5.0,0.38,8
45840,2.5,0.0,20.0,0.0,5
42784,4.0,0.6,60.0,0.08,13
53104,1.0,0.0,40.0,0.0,3
53176,16.5,27.288,23.0,0.37,43
53238,111.0,144.76,5.0,0.16,45
48105,212.0,0.0,4.0,0.0,10
48545,51.5,14.21216,48.91,0.22,83
43701,8.5,11.22,15.0,0.43,14
53584,2.5,0.0,2.5,0.0,6
53686,2.0,7.96,2.0,0.4,5
53702,15.0,16.56,16.5,0.3,50
43815,1.5,0.0,33.5,0.0,1
53760,32.0,70.99984,39.0,0.25,67
45232,33.0,14.68,75.0,0.23,48
53803,41.5,44.865992,35.0,0.35,83
46016,59.0,79.2,15.0,0.37,92
53844,4.0,0.0,5.0,0.0,3
53859,179.5,133.819936,230.0,0.26,170
53861,20.0,43.97992,20.0,0.58,26
53862,4.0,4.354,5.0,0.2,10
48331,36.0,13.62,29.0,0.12,26
53863,22.5,2.22,14.0,0.2,5
33582,64.0,66.7184,47.15,0.66,44
53928,2.0,2.96,7.0,1.0,1
53941,3.0,3.96,2.5,0.09,11
53942,1.0,0.0,4.0,0.0,2
53976,4.0,0.0,2.5,0.0,6
46147,10.0,4.44,15.0,0.14,7
54051,43.0,20.914,19.0,0.33,63
54054,86.0,53.106,47.5,0.29,85
54078,8.0,0.0,19.4,0.0,4
54109,2.5,0.0,3.0,0.0,12
38574,101.5,168.67,100.0,0.43,120
37394,69.0,195.3,131.0,0.48,66
54166,3.0,2.454,4.0,0.25,8
36461,94.5,6.52,45.0,0.33,21
54189,251.5,134.0784,445.0,0.18,209
54268,16.5,2.434,5.0,0.17,18
54287,2.0,0.0,1.0,0.0,1
54352,4.0,4.14,12.0,0.33,6
43871,252.0,,161.0,0.3,232
47544,33.0,47.28,25.0,0.23,40
54396,5.0,3.72,4.0,0.62,13
54401,48.5,55.0712,35.0,0.36,80
54413,47.5,36.809992,20.0,0.46,41
54458,4.5,2.96,8.0,0.14,7
54486,6.0,0.52,5.0,0.33,3
48142,3.0,0.18,3.0,0.2,5
54563,33.0,6.0,25.84,0.26,38
54583,4.5,9.32,7.0,0.21,19
54590,93.0,179.84,891.0,0.5,104
54598,9.0,10.8,81.5,0.11,55
54619,35.0,24.2,36.0,0.13,62
54646,8.0,4.76,7.0,0.23,22
54398,11.5,0.0,10.5,0.0,1
54727,1.0,0.0,2.0,0.0,2
54320,4.5,0.0,4.5,0.0,3
44753,6.0,0.0,6.0,0.0,1
54783,37.0,110.48,92.0,0.54,24
54784,38.5,39.04,37.5,0.4,50
40465,165.0,109.4368,216.0,0.46,131
54813,18.0,44.539984,48.0,0.71,24
54827,72.0,273.636,65.0,0.31,145
54853,3.0,0.0,11.0,0.0,7
54866,28.0,64.62,16.5,0.27,51
31112,11.5,1.04,5.34,0.31,13
37577,167.5,96.752,91.15,0.54,28
18051,44.0,180.592,82.0,0.29,113
40745,23.5,122.9,121.0,0.46,71
55018,4.0,12.96,25.0,0.33,3
55029,11.0,3.5,9.0,0.07,15
33961,107.5,104.18032,16.5,0.25,151
55042,50.0,21.24,102.0,0.36,55
55059,4.0,1.04,4.0,0.12,8
55205,2.5,0.24,2.5,0.2,5
55207,11.5,22.02032,11.5,0.33,30
55234,8.0,0.0,4.0,0.0,5
55258,7.5,0.9,17.0,0.08,26
55089,4.5,0.0,3.5,0.0,9
55091,5.0,0.32,4.5,0.23,13
55365,15.5,10.92,57.0,0.7,10
55387,1.5,0.0,2.0,0.0,1
54322,15.5,1.96,7.5,0.19,26
55411,25.0,12.72,18.0,0.12,16
54705,8.0,0.0,7.5,0.0,3
55502,9.0,0.0,7.5,0.0,2
55523,15.0,28.14,15.0,0.2,10
37237,110.0,29.16,226.3,0.2,49
55606,33.0,33.8792,163.0,0.27,48
24066,73.0,91.579984,64.65,0.37,62
55623,17.0,4.04,8.0,0.07,27
55633,29.0,26.904,23.0,0.12,34
54951,19.0,23.16,22.5,0.07,54
55651,34.25,9.088,76.5,0.23,39
55656,103.0,28.26,156.0,0.41,106
55670,15.0,9.84,7.0,0.03,33
55868,10.0,5.86016,9.5,0.58,24
31604,45.0,63.912,57.5,0.52,44
55876,5.0,26.3632,5.0,0.22,23
55991,9.0,0.0,30.0,0.0,12
56015,79.0,93.68,94.0,0.28,81
56016,39.0,17.68,11.0,0.14,14
56058,8.0,0.32,5.0,0.25,16
56065,184.5,197.28,10.0,0.41,88
56066,6.5,0.0,6.5,0.0,2
56073,16.5,0.0,20.0,0.0,1
56115,59.0,82.84,40.0,0.29,86
56154,49.0,0.0,46.0,0.0,2
56165,4.0,0.0,3.0,0.0,7
28083,25.0,11.16,25.0,0.57,7
45073,13.5,2.7288,6.0,0.43,28
1004,2.0,0.0,14.0,0.0,3
10087,21.3,0.0,15.0,0.0,1
10118,18.0,0.08,7.52,0.06,16
1012,36.0,41.779984,18.0,0.45,55
10185,3.5,12.96,3.5,0.2,5
10186,8.0,20.42,8.0,0.26,19
102,5.5,7.964,16.0,0.25,16
103,5.0,35.1592,15.0,0.37,30
10368,74.0,32.312,82.0,0.23,77
10374,326.5,,8.0,0.27,290
10412,5.5,13.18,2.0,0.19,16
10438,13.0,89.4899984,5.0,0.25,64
10541,3.5,2.6,30.0,1.0,1
10548,41.0,0.0,90.0,0.0,4
10657,30.0,65.4792,80.0,0.12,74
10724,13.0,43.38,66.0,0.29,119
10764,36.0,1.908,23.24,0.13,70
10886,45.0,49.01992,90.5,0.38,55
10915,0.5,0.51,6.0,0.5,2
10982,31.0,20.18,40.0,0.05,65
11001,24.5,61.379988,45.0,0.4,47
11026,3.0,4.28,3.0,0.33,6
11122,84.5,90.219968,45.0,0.27,89
11125,35.0,54.14,15.0,0.45,31
1119,2.0,0.0,6.0,0.0,4
11190,19.0,32.2,20.0,0.5,28
11246,30.0,43.4008,45.0,0.49,65
11360,3.5,19.82,65.0,0.41,37
11397,97.5,2.8,84.0,0.24,17
11454,156.5,186.25996,24.0,0.34,230
11467,4.0,0.0,20.0,0.0,2
11510,189.0,325.368,840.0,0.22,189
11601,8.5,24.6,50.0,0.05,19
11639,80.5,51.899976,45.0,0.27,102
11647,33.5,,3.0,0.2,64
11700,27.0,21.08,18.8,0.36,75
11720,73.0,122.699928,92.0,0.2,178
1179,10.0,40.08,10.0,0.61,38
1183,2.0,25.22024,5.0,0.34,32
11903,67.0,8.91984,22.5,0.83,6
11935,9.0,96.419984,20.0,0.2,85
11992,4.0,0.0,3.0,0.0,2
12111,1.0,12.96,1.0,0.2,5
12134,22.5,,15.0,0.34,38
12151,20.5,2.764,15.3,0.18,33
12181,4.5,11.7,32.0,0.4,20
1219,2.0,0.52,30.0,0.33,3
12195,4.0,2.96,10.0,1.0,1
12204,5.0,0.0,5.0,0.0,1
1224,14.5,0.0,15.0,0.0,3
12241,4.0,0.0,4.0,0.0,9
12259,2.5,1.92,2.5,0.09,11
12267,102.5,156.26,22.5,0.67,42
12586,2.5,3.96,3.0,0.25,4
12640,137.0,0.0,197.6,0.0,1
12726,2.0,4.4,4.0,0.11,9
12742,8.0,8.4416,28.0,0.08,25
1288,50.5,0.0,25.0,0.0,5
13051,51.0,60.219976,27.5,0.57,30
13171,563.5,,668.0,0.25,391
13181,2.5,4.6,2.5,0.21,14
13232,5.0,,8.0,0.6,20
13287,22.5,4.74,2.5,0.19,26
13303,1.0,0.0,1.3,0.0,1
13315,21.5,2.952,14.48,0.19,57
13345,13.0,65.3992,62.0,0.75,4
13358,16.0,0.0,7.5,0.0,7
13360,10.0,28.66,8.0,0.37,35
13407,7.0,19.46,15.0,0.11,44
13482,105.0,175.336,151.3,0.37,81
13507,3.0,2.22,15.0,0.05,19
13535,26.5,20.88,27.65,0.11,38
136,16.5,0.0,36.0,0.0,2
13676,0.5,2.22,0.5,0.5,2
13689,21.0,49.72,33.0,0.28,60
1377,40.5,136.299984,49.5,0.41,91
13790,189.5,51.78,32.0,0.1,31
13794,9.0,16.4,5.0,0.11,18
13835,194.5,,56.0,0.34,170
1390,37.58,55.25,40.0,0.3,87
13902,60.0,56.26008,97.5,0.46,50
13979,16.0,4.86,59.2,0.15,33
14005,1.0,13.16,2.0,0.4,15
14016,33.5,40.17992,63.0,0.25,52
14038,5.0,0.0,7.0,0.0,1
14049,69.0,0.0,30.0,0.0,1
14096,107.0,24.8396,95.0,0.29,35
14147,22.5,0.0,10.0,0.0,9
14150,52.0,147.87936,30.0,0.24,99
14216,4.0,1.62,4.0,0.25,4
14266,35.5,0.0,27.0,0.0,11
14283,166.5,12.06,48.5,0.6,10
14448,80.0,8.68,76.65,0.39,18
14509,2.0,0.0,4.0,0.0,1
14511,65.5,0.41,40.65,0.07,14
14516,16.5,51.84,16.0,0.23,99
14539,88.0,,75.0,0.4,25
14542,34.0,49.65992,24.0,0.37,89
14634,7.0,22.14,3.0,0.62,24
14712,11.5,17.94,5.0,0.26,23
1474,7.5,5.92,95.0,0.4,5
14767,2.0,2.96,3.0,0.5,2
14793,54.0,,80.0,0.08,101
14812,73.0,140.32,120.0,0.28,116
14875,47.0,79.0299984,82.5,0.49,68
15011,2.0,0.0,2.0,0.0,3
1507,7.5,,46.5,0.26,139
15115,34.0,19.54,15.0,0.13,53
15136,161.0,129.5184,126.3,0.7,20
15174,17.5,34.42,15.0,0.24,51
15178,76.0,61.210008,60.0,0.37,79
15239,99.0,26.28,22.5,0.14,72
153,5.0,0.0,6.0,0.0,1
15318,11.0,33.38,7.5,0.5,16
15328,66.5,43.52,42.0,0.41,61
15344,74.0,61.74,122.0,0.31,83
15349,38.5,65.612,28.15,0.31,88
15381,12.0,28.82,18.0,0.45,56
15412,4.0,6.18,15.0,0.12,16
15442,4.0,0.0,11.0,0.0,1
15475,69.5,46.419984,7.5,0.34,86
15731,15.0,9.92,11.0,0.17,12
15753,29.0,62.02008,45.0,0.25,101
15754,6.5,11.899984,5.5,0.36,14
15787,14.0,3.84,36.0,0.06,18
15842,30.5,46.32,110.0,0.28,18
15899,3.0,0.0,3.0,0.0,3
15918,2.0,0.0,3.0,0.0,4
15957,30.0,328.12,30.0,0.48,33
16021,319.5,1.2,784.0,0.09,45
16028,6.0,0.0,73.0,0.0,2
16074,5.0,0.0,4.0,0.0,6
16100,51.5,70.88,63.0,0.24,51
16102,2.5,0.52,6.0,0.06,18
16103,2.0,5.38008,45.0,0.82,11
16125,21.0,141.3,60.0,0.29,111
16137,272.5,254.744,311.9,0.57,44
16233,22.5,20.94,30.0,0.41,63
16242,9.0,12.96,13.0,0.04,25
16244,7.0,0.0,6.0,0.0,18
16266,82.0,156.364,294.0,0.38,151
16322,228.5,16.78,448.0,0.04,78
16342,3.0,4.648,3.0,0.29,14
16368,45.5,128.28,87.0,0.46,41
16374,14.5,4.68,60.0,0.5,4
1639,7.0,0.64,3.0,0.5,4
164,6.0,0.0,8.0,0.0,2
16415,6.0,3.6,12.0,0.48,25
16558,93.5,10.32,40.0,0.41,17
16658,48.0,58.32,107.0,0.37,98
16687,68.5,9.96,2.5,0.22,50
167,42.5,1.4,45.0,0.33,3
16713,56.0,7.08,40.0,0.08,12
16745,1.5,10.86,7.5,0.57,14
16836,180.5,233.804,163.0,0.27,202
16900,920.5,553.12,110.0,0.21,114
169,12.0,0.0,30.0,0.0,2
16980,21.0,7.08,11.0,0.25,44
17003,65.5,80.3419984,28.0,0.27,95
17014,6.0,0.0,3.0,0.0,16
17015,9.0,8.0424,27.5,0.5,18
17022,7.5,2.52,8.0,0.71,7
17206,2.0,26.58,17.0,0.34,29
17227,41.5,2.24,54.0,0.08,12
17324,34.0,0.0,37.5,0.0,10
17328,35.0,7.45,8.0,0.26,19
17366,33.0,55.6,103.0,0.41,17
17396,5.5,10.6,3.0,0.2,15
17441,5.5,0.0,4.0,0.0,8
17455,6.0,0.0,3.0,0.0,5
17581,15.0,31.18,40.0,0.31,59
176,3.0,0.0,2.0,0.0,1
17635,53.0,,244.0,0.3,90
17668,5.0,29.3,5.0,0.45,11
17712,3.5,0.0,20.5,0.0,12
17814,3.5,11.24,3.5,0.12,17
17850,10.0,3.2,8.0,0.25,8
17900,62.5,0.24,117.5,0.14,7
1791,6.5,14.12,6.0,0.44,32
17912,108.25,10.94,530.0,0.33,49
17956,75.5,22.22024,46.5,0.91,11
17963,37.0,111.62,30.0,0.27,110
17966,4.5,29.82,15.0,0.23,44
17976,70.0,1.12,86.0,0.5,2
17982,9.0,10.56,14.0,0.1,10
18012,30.5,95.74,37.5,0.22,9
18013,30.5,106.06816,15.0,0.26,34
18015,92.5,0.0,75.0,0.0,6
18037,74.0,81.54,76.65,0.51,45
18164,96.5,10.38,58.0,0.45,11
18183,68.5,0.12,57.5,0.5,2
18192,6.5,1.85992,5.0,0.1,20
18223,6.5,14.84,12.0,0.11,19
18265,26.0,15.8,138.0,0.35,63
18271,24.0,19.74,15.0,0.22,58
1832,9.0,2.96,4.0,0.17,6
18373,14.5,44.92,7.0,0.16,55
18527,26.5,10.6,50.0,0.15,26
1859,5.0,8.6,20.0,0.56,9
186,4.0,0.0,4.0,0.0,1
18650,63.5,51.09,29.5,0.26,68
18683,2.0,0.24,5.0,0.17,12
18690,2.0,5.9608,8.5,0.24,29
1874,147.0,237.26008,3.0,0.18,118
18840,107.5,7.84,70.0,0.15,13
18845,44.5,23.702,22.5,0.23,78
18913,7.5,7.62,16.0,0.39,38
1893,3.0,0.17,3.0,0.25,4
1894,3.0,0.0,3.0,0.0,2
19049,9.5,17.14,20.0,0.64,11
1905,57.0,55.2,60.0,0.25,69
19060,21.5,0.0,4.0,0.0,1
19101,34.5,8.144,52.08,0.25,72
19134,28.5,0.0,40.0,0.0,1
19145,29.5,59.7,1.8,0.39,51
19226,4.5,6.18,4.0,0.5,2
19273,7.5,5.88,8.0,0.67,6
193,2.5,0.98,22.5,0.43,7
19444,6.0,0.0,3.5,0.0,4
1946,17.0,3.78,25.5,0.25,12
19466,8.5,4.48,8.0,0.14,28
19467,19.5,0.0,16.5,0.0,1
19468,3.0,4.08,15.0,0.71,7
19477,2.0,0.0,1.73,0.0,7
19497,5.0,5.96,31.0,0.45,11
19535,36.5,21.28,30.0,0.25,4
19562,3.5,0.0,6.0,0.0,12
19572,1.5,1.12,2.55,0.17,6
19592,145.5,46.02,51.65,0.59,32
19631,5.0,0.72,2.5,0.17,12
19703,17.0,9.546,2.5,0.17,36
19767,130.0,0.0,180.27,0.0,23
1989,43.5,86.51,10.0,0.3,91
20035,1.0,0.0,30.0,0.0,1
20058,71.0,28.5,30.0,0.28,54
20115,9.0,22.6,10.0,0.1,21
20161,22.5,0.0,5.0,0.0,1
20206,75.5,75.63976,8.0,0.29,119
20249,70.5,0.0,90.0,0.0,4
20257,16.0,5.5,15.0,0.25,20
20277,21.5,35.09992,20.0,0.25,28
20278,14.0,8.1584,20.0,0.22,27
20319,118.5,186.3368,14.5,0.42,55
20376,3.0,0.0,1.5,0.0,3
20455,10.0,1.24,9.0,0.18,17
20484,2.0,0.0,8.0,0.0,2
2050,5.0,0.0,3.0,0.0,18
20525,6.0,0.0,4.5,0.0,9
20531,11.5,7.74,15.5,0.4,5
20546,112.0,118.28,12.0,0.3,128
2060,23.0,40.28,98.0,0.65,17
20679,2.5,0.2,30.0,0.4,5
20695,7.5,3.64,3.0,0.16,19
20710,245.25,214.780112,890.0,0.36,177
20713,1.0,0.0,55.5,0.0,1
20732,33.0,14.84,40.0,0.16,32
20773,7.0,0.0,15.0,0.0,9
20776,51.5,7.22,30.5,0.05,39
208,23.5,27.14,13.0,0.5,24
20926,74.5,5.848,56.5,0.33,6
20936,97.5,116.8,31.15,0.27,113
20943,3.5,0.0,10.0,0.0,1
20976,2.5,10.64,4.0,0.4,5
21018,16.0,17.546,14.25,0.22,49
21026,2.0,51.44,44.0,0.5,8
21123,379.0,303.020208,3.0,0.35,224
212,11.0,0.0,23.0,0.0,1
21225,255.0,225.899976,268.5,0.3,142
21227,209.0,122.56,185.45,0.55,38
21260,1.0,0.0,73.5,0.0,1
21338,10.5,0.0,21.0,0.0,7
21373,6.0,1.3,1.0,0.05,21
21377,4.5,0.0,12.0,0.0,2
21394,18.5,19.16,24.5,0.38,37
2150,6.5,1.4,5.0,0.2,5
21529,25.5,91.739984,29.0,0.34,68
21554,60.0,11.24,39.5,0.12,8
21565,11.0,41.34,40.0,0.27,63
21573,73.0,64.659984,52.15,0.56,54
21576,2.5,8.4416,21.0,0.16,44
21592,3.0,0.0,1.5,0.0,9
2163,54.0,44.652,46.5,0.5,18
21741,1.0,0.0,6.0,0.0,3
21743,3.5,0.08,7.5,0.5,2
21764,3.5,0.12,29.5,0.17,6
21914,6.5,2.22,7.5,0.37,19
21942,69.0,1.12,31.0,0.5,2
21954,19.0,35.3,11.0,0.21,62
21965,13.5,9.95,10.0,0.24,25
22027,4.5,0.0,8.0,0.0,10
22028,2.5,0.0,1.5,0.0,6
22040,1.0,0.0,4.5,0.0,1
22174,16.0,0.0,8.0,0.0,12
22177,39.5,51.52,125.0,0.17,36
22302,59.5,47.7,70.0,0.25,75
2236,2.0,0.12,40.0,0.5,2
22472,4.0,0.64,7.5,0.22,23
22499,1.0,0.0,2.0,0.0,1
2252,21.5,100.24,24.0,0.38,13
22539,65.0,55.3192,12.5,0.39,38
22573,5.0,7.52,7.5,0.33,6
22633,26.5,0.0,10.0,0.0,7
22636,15.0,2.6,12.0,0.45,11
22711,1.5,0.7,32.0,0.14,7
22747,1.0,0.24,1.0,0.29,7
22811,11.5,10.74,15.0,0.5,4
2285,70.0,65.82008,7.5,0.13,38
22852,56.5,86.94,36.0,0.24,107
22918,63.0,44.0,14.0,0.07,15
23027,0.5,0.0,17.5,0.0,2
23075,7.0,17.50032,7.0,0.17,12
23115,6.0,6.36,8.0,0.15,39
23200,8.5,0.0,5.0,0.0,7
23254,259.5,,366.0,0.23,223
23280,7.5,2.22,8.3,0.07,14
23283,1.5,0.6,2.5,0.25,4
23284,12.5,11.6,4.5,0.2,10
23313,4.0,12.96,4.5,0.17,6
23322,40.0,0.45192,12.83,0.07,54
2333,17.0,63.592,74.5,0.3,87
23350,17.0,49.4376,35.0,0.36,72
23389,46.5,0.0,32.5,0.0,6
23409,155.5,17.98,23.0,0.1,59
23482,10.5,0.0,40.0,0.0,3
23542,12.0,13.75,11.5,0.26,23
23598,85.0,113.53996,40.75,0.37,76
23668,21.5,0.0,25.5,0.0,7
23694,268.0,253.5,37.0,0.34,113
23724,42.5,0.0,38.0,0.0,15
23746,6.0,12.16,14.0,0.56,9
23771,8.5,1.48,48.0,0.13,15
23802,2.0,0.0,12.0,0.0,6
23819,7.0,4.92,8.0,0.06,18
23821,5.5,1.56,12.0,0.04,24
23826,31.0,17.65992,38.0,0.28,32
23830,49.5,50.2,42.5,0.36,53
23850,3.0,0.0,5.0,0.0,5
23859,6.5,1.04,11.0,0.08,12
23912,2.5,0.38,5.0,0.17,6
23946,21.0,0.52,21.0,0.5,4
23975,9.0,56.64,7.5,0.19,16
23988,115.5,38.73992,65.0,0.45,11
23997,5.0,1.04,22.5,0.17,6
24026,5.5,11.456,7.5,0.4,20
24086,29.0,6.36,28.0,0.27,11
24122,12.5,34.3,24.0,0.5,12
24224,49.0,30.64,45.0,0.08,91
24247,19.0,0.0,36.0,0.0,1
24307,2.5,0.0,2.5,0.0,7
24308,3.0,6.6008,25.0,0.73,11
24310,5.0,0.2,40.0,0.5,4
24316,9.0,0.0,2.5,0.0,7
24319,13.0,0.0,5.0,0.0,2
24408,25.5,5.33,41.5,0.07,14
2441,11.5,0.0,6.0,0.0,1
24431,41.0,1.6,21.0,0.31,13
24454,5.0,7.76,150.0,0.79,14
2446,26.0,103.31968,31.0,0.31,91
24528,3.0,82.74,28.0,0.36,84
24598,47.0,8.6,40.0,0.03,70
24605,21.0,0.12,25.5,0.12,8
24607,56.5,0.08,20.0,0.25,4
24651,37.0,74.819968,50.0,0.41,118
24661,2.5,0.0,15.0,0.0,5
24735,3.0,0.0,3.5,0.0,2
24762,6.5,11.54,8.0,0.08,25
24846,4.0,0.0,3.0,0.0,10
24965,73.0,13.2,62.65,0.75,12
2499,9.5,7.3,21.0,0.1,42
25009,73.0,24.86,47.0,1.0,8
25040,4.0,1.2,4.0,0.13,15
25123,34.0,51.989992,35.0,0.23,93
25142,15.5,,5.6,0.6,25
25240,1.0,1.0,43.5,0.4,5
25286,62.0,0.0,24.0,0.0,6
25337,7.5,1.56,7.5,0.08,12
25340,28.0,0.0,10.0,0.0,2
25345,22.0,73.62,20.0,0.38,24
25368,9.5,32.38,12.0,0.37,43
25378,8.0,11.376,17.0,0.56,9
2542,56.0,0.0,75.5,0.0,2
25460,5.0,16.34032,30.0,0.37,35
25490,53.5,0.0,75.0,0.0,13
2550,15.0,8.72,20.0,0.21,29
2551,8.0,0.0,8.0,0.0,1
25527,5.0,0.0,14.0,0.0,6
25529,77.5,107.819968,60.0,0.29,130
2555,9.0,0.0,8.0,0.0,1
2556,8.0,0.0,16.0,0.0,1
25577,4.0,0.176,4.0,0.07,14
25622,8.0,0.0,4.0,0.0,7
25636,46.5,85.95152,50.0,0.37,82
25639,1.0,0.0,89.5,0.0,3
25640,3.5,0.0,4.0,0.0,6
25641,1.0,0.0,1.0,0.0,2
25656,1.0,0.0,3.5,0.0,5
25691,2.5,3.002,3.0,0.2,10
257,6.0,99.099984,12.0,0.37,110
25789,5.0,0.0,4.0,0.0,7
2581,41.5,61.90008,30.0,0.18,78
25892,9.0,0.0,6.0,0.0,5
25901,24.5,8.26016,17.0,0.19,36
25983,5.0,11.7,6.0,0.12,8
26016,13.0,0.0,12.0,0.0,7
26024,5.0,0.0,6.0,0.0,12
26027,82.5,132.670016,158.3,0.35,54
26057,5.0,0.0,4.5,0.0,3
26063,3.5,3.96,2.5,0.08,12
26072,21.0,51.37992,5.5,0.47,51
26073,2.5,0.0,4.0,0.0,2
26110,28.5,21.552,57.0,0.41,54
2615,17.0,1.28,4.0,0.25,8
26165,6.0,0.0,11.0,0.0,7
26171,22.5,48.012,17.0,0.56,39
26181,7.0,8.22,99.0,0.93,14
26183,7.0,0.0,5.0,0.0,7
26195,5.5,0.0,4.0,0.0,6
26253,1.0,0.0,33.5,0.0,1
26307,4.0,0.0,8.0,0.0,4
26543,8.0,0.0,5.0,0.0,4
26544,7.5,0.0,7.5,0.0,3
26585,4.5,0.0,6.0,0.0,6
26629,4.0,0.16,3.0,0.18,11
26661,37.5,9.2,28.0,0.25,8
26696,12.0,7.448,3.85,0.22,23
26700,122.5,24.28,72.65,0.4,35
26703,6.5,3.24,4.47,0.09,11
26705,4.0,0.0,5.0,0.0,3
26722,1.0,35.33,23.0,0.84,19
26782,2.5,2.88,3.5,0.25,8
26796,73.5,43.0,69.65,0.64,14
26839,5.5,0.0,11.0,0.0,6
26861,4.0,15.8,15.0,0.82,11
2688,6.5,23.08,2.0,0.03,115
26890,18.5,11.756,24.94,0.29,56
26929,4.0,4.44,4.0,0.14,7
26953,120.0,114.26,71.65,0.47,51
26975,4.0,7.7,15.0,0.67,6
27059,10.0,0.0,9.0,0.0,6
27117,107.0,300.168,520.0,0.34,35
27226,40.0,39.750016,50.0,0.31,54
27233,28.5,10.86,30.0,0.25,12
27270,11.5,1.74,2.0,0.08,26
27278,27.0,7.048,23.0,0.14,28
27279,25.5,38.384,40.0,0.61,33
27282,9.5,4.36,9.0,0.21,14
27318,3.5,0.0,20.0,0.0,4
27322,5.0,0.0,5.0,0.0,8
27340,2.0,5.1,55.0,0.11,18
27378,20.0,0.0,5.0,0.0,5
27385,10.5,0.6,5.5,0.12,17
27404,32.5,5.0,20.0,0.07,29
2742,16.5,58.53992,45.0,0.57,40
27430,562.5,411.9608,1095.0,0.25,351
27516,2.0,0.0,2.0,0.0,3
27525,6.0,0.0,8.0,0.0,1
2759,2.0,0.0,50.0,0.0,2
27606,5.0,3.92,17.0,0.43,7
27629,3.0,0.0,3.0,0.0,5
2763,102.5,0.24,54.5,0.2,5
27693,5.0,0.0,5.0,0.0,5
27701,1.0,7.08,32.0,0.62,8
2772,1.0,4.44,28.0,1.0,1
27726,7.0,0.0,4.0,0.0,5
27824,9.0,0.0,10.0,0.0,5
27837,13.0,0.0,9.0,0.0,3
2788,3.0,1.7,3.0,0.12,8
27910,5.0,0.0,4.0,0.0,5
27913,12.5,0.0,7.0,0.0,5
27926,25.5,11.34,15.0,0.15,20
2793,112.0,14.04,61.0,0.8,5
27934,12.5,,280.0,0.57,21
27936,40.0,92.4,50.0,0.38,29
27943,5.0,0.0,5.0,0.0,5
27951,1.0,0.16,1.0,0.5,2
27952,12.5,7.46,42.0,0.5,6
27985,5.0,0.0,6.0,0.0,6
2800,6.0,38.12,55.0,0.62,13
28016,41.5,62.6,40.0,0.25,24
28017,2.0,0.0,2.0,0.0,1
28040,8.0,0.0,30.0,0.0,5
28053,21.0,22.82,8.0,0.21,29
28075,7.0,0.0,15.0,0.0,1
28102,16.5,10.82,55.5,0.21,42
28133,64.0,15.7224,64.0,0.28,43
28148,5.0,0.0,7.0,0.0,6
2815,22.0,3.48,10.0,0.75,8
28164,1.5,0.0,2.5,0.0,2
28207,62.0,0.0,83.0,0.0,9
28236,61.5,0.24,187.5,0.33,3
28441,38.0,61.15976,40.0,0.3,76
28505,4.0,0.0,6.0,0.0,5
28522,39.5,21.58,54.0,0.72,18
28549,4.0,0.0,7.0,0.0,6
28594,10.0,5.5,7.5,0.26,19
28608,4.0,0.0,6.0,0.0,4
2862,20.0,50.45992,15.0,0.31,13
28627,5.0,0.0,5.0,0.0,1
28696,18.5,23.54024,17.0,0.46,28
28698,5.0,4.04,5.0,0.14,14
28701,1.5,0.0,9.0,0.0,6
28721,25.0,0.0,120.0,0.0,14
28760,51.0,26.06,21.5,0.34,41
28779,6.0,0.0,2.5,0.0,4
2881,15.0,0.78,18.0,0.06,17
28828,88.5,134.82024,40.0,0.19,111
28864,13.0,37.3,5.0,0.33,9
28971,0.5,0.26,14.0,0.33,3
29006,5.0,0.0,3.0,0.0,6
29053,76.0,143.9059976,4.0,0.38,84
29067,40.0,0.0,37.5,0.0,1
29090,50.5,37.66,40.0,0.27,26
29091,84.0,0.0,50.0,0.0,1
29196,76.0,13.02,70.0,0.51,37
29215,20.0,59.31984,20.0,0.33,36
29217,4.0,12.96,2.5,0.14,7
29260,1.5,0.0,2.5,0.0,2
29262,2.5,0.0,12.0,0.0,5
29275,10.5,0.26,7.5,0.11,9
29298,2.0,0.51,2.0,0.14,7
29307,21.0,8.52,2.5,0.14,7
29315,72.0,1.12,2.5,0.17,12
29389,4.0,0.0,5.0,0.0,6
29401,4.0,0.0,4.0,0.0,3
29437,14.0,8.62384,5.0,0.2,10
29467,29.0,2.84,45.0,0.43,7
29490,2.5,1.76,2.0,0.08,13
29552,12.0,0.0,6.0,0.0,5
29555,3.5,0.0,36.0,0.0,4
29573,5.0,0.0,1.0,0.0,12
29610,15.0,0.0,12.0,0.0,1
29640,11.0,10.368,15.0,0.25,4
29644,127.5,48.84,110.65,0.71,17
29645,4.0,3.04,21.0,0.29,7
29650,139.5,,19.5,0.26,88
29663,4.0,5.62,2.5,0.14,7
29679,22.0,0.0,16.0,0.0,1
29701,47.0,78.91976,38.0,0.34,112
29717,17.0,18.48,8.0,0.22,50
29737,0.5,0.0,4.0,0.0,2
29740,58.5,41.52,22.0,0.55,11
29778,34.0,0.0,38.0,0.0,1
29879,3.0,0.0,11.0,0.0,5
29915,12.5,0.92,20.0,0.08,24
29937,3.0,1.1,3.0,0.12,8
29942,5.5,3.62,8.0,0.17,18
30135,10.0,0.0,10.0,0.0,6
30270,9.5,2.74,14.0,0.07,27
30277,20.5,8.152,15.0,0.13,46
3028,10.0,10.7,5.0,0.38,32
30330,5.5,1.18,6.0,0.17,12
30340,5.0,0.0,6.0,0.0,3
30373,44.0,48.37192,35.24,0.32,105
304,7.0,0.0,120.0,0.0,2
30427,34.0,20.4,39.0,0.4,10
30435,52.0,65.572,49.0,0.31,64
30455,54.0,93.52,60.46,0.31,90
30465,2.5,2.96,2.5,0.25,4
30466,6.0,1.17,2.0,0.17,6
30510,187.0,0.0,47.0,0.0,3
30534,34.0,0.36,48.0,0.15,13
30540,3.0,0.0,2.0,0.0,1
30556,34.5,35.08,97.5,0.44,43
30582,342.0,183.18,101.0,0.48,44
30652,7.5,0.0,9.0,0.0,7
30679,23.5,3.46,35.0,0.5,12
30697,4.0,0.0,3.0,0.0,3
30724,11.0,25.92,7.0,0.17,12
30730,3.0,0.0,10.0,0.0,5
30772,58.5,90.0396,55.5,0.39,88
30851,5.0,0.0,4.0,0.0,5
30866,1.5,0.0,5.0,0.0,1
30877,3.0,0.0,3.0,0.0,5
30882,3.5,0.0,4.0,0.0,5
30913,2.5,1.23,2.5,0.25,4
30953,4.0,0.0,6.0,0.0,4
30962,4.0,0.0,4.0,0.0,5
31003,3.5,0.0,4.0,0.0,5
3101,196.0,,194.0,0.45,75
31011,3.5,0.0,7.0,0.0,5
31031,222.5,256.86,30.0,0.21,43
31032,5.0,0.0,4.0,0.0,5
31033,3.5,3.88,3.0,0.33,3
31047,80.0,101.036,68.0,0.34,128
31098,2.0,4.58,2.2,0.18,11
31121,3.0,0.0,3.5,0.0,5
31147,22.5,30.42,2.5,0.25,24
31156,20.0,11.712,17.0,0.18,39
31173,69.0,44.152,64.0,0.3,117
31233,1.5,0.0,4.0,0.0,4
31258,105.5,179.370032,35.0,0.28,138
31383,14.0,0.0,185.0,0.0,1
31388,23.5,3.88,15.0,0.2,30
31403,77.5,50.5584,61.0,0.43,60
31547,2.0,0.0,4.0,0.0,8
3160,14.0,21.62,7.5,0.62,13
31666,1.0,0.0,2.0,0.0,1
31676,3.0,7.76,85.0,0.43,7
31689,40.0,5.7936,23.88,0.2,71
31882,4.0,0.0,4.0,0.0,5
31901,44.5,10.74,56.65,0.2,10
32150,214.5,49.0,171.3,0.35,52
3216,7.5,7.62,17.0,0.38,13
32168,234.5,167.24,124.0,0.21,34
32205,8.0,0.0,8.95,0.0,6
32215,12.5,10.444,14.9,0.17,30
32218,3.0,0.49,3.0,0.2,5
32414,3.0,2.22,4.0,0.33,3
32420,14.0,28.42,40.0,0.5,8
32428,81.5,7.34,60.0,0.18,11
32470,1.0,0.0,42.0,0.0,1
32551,69.5,0.0,75.95,0.0,9
32764,3.0,0.0,3.0,0.0,5
32829,2.0,0.0,3.0,0.0,7
3288,34.0,35.49992,17.0,0.57,28
33006,1.0,0.0,4.0,0.0,1
33017,18.5,0.0,31.0,0.0,2
33101,85.0,62.10008,134.6,0.75,24
33120,42.0,20.68,15.0,0.63,19
33163,48.5,74.13,27.2,0.42,33
33173,5.0,0.0,78.0,0.0,1
3319,4.0,2.96,6.0,1.0,1
33267,23.5,29.44,32.0,0.21,29
33292,14.0,0.461992,22.0,0.18,11
33304,66.0,80.26016,18.0,0.35,85
33331,16.0,2.38,29.0,0.21,14
33353,19.0,36.84,45.0,0.17,12
33375,6.0,0.0,3.0,0.0,1
33396,3.5,0.0,3.0,0.0,5
33450,8.0,3.0,5.0,0.14,7
33451,27.0,8.64,4.0,0.03,29
33464,66.0,111.44,55.5,0.32,108
33469,41.5,55.539984,57.0,0.26,97
33498,28.0,8.7,68.0,0.35,37
33500,7.5,0.0,6.0,0.0,1
33559,55.5,65.4384,142.0,0.54,35
33580,4.5,4.0,21.0,0.33,6
33595,8.5,0.0,14.5,0.0,5
33645,5.0,0.0,5.0,0.0,1
33694,25.5,13.02016,14.5,0.56,18
33735,22.5,107.6416,45.0,0.58,36
33820,4.0,3.64,4.0,0.4,5
33872,14.5,0.0,7.5,0.0,2
33951,38.5,0.0,9.0,0.0,1
33970,1.0,0.0,3.0,0.0,7
34044,6.0,0.0,6.0,0.0,6
34050,7.5,3.78,7.5,0.08,26
34076,2.5,0.0,7.5,0.0,11
34122,11.5,17.539952,21.0,0.46,35
34141,13.0,0.0,104.0,0.0,2
34186,30.0,55.56,24.0,0.17,80
34224,15.5,3.96,11.5,0.08,12
34258,28.0,32.409992,37.5,0.14,66
34333,7.0,0.0,3.0,0.0,7
34396,8.0,0.96,3.0,0.5,4
34425,94.5,30.296,42.0,0.14,71
3443,8.5,5.06,16.0,0.18,39
3444,12.5,0.0,16.0,0.0,9
34455,4.0,3.3,4.0,0.5,4
34465,11.5,3.938,27.5,0.29,17
34469,74.0,194.4408,35.93,0.29,133
34510,35.5,30.1,39.0,0.46,39
34558,4.0,0.0,4.5,0.0,5
34572,19.5,25.5624,32.0,0.6,20
34576,49.0,58.34,47.0,0.39,69
34578,85.0,101.06,88.0,0.16,19
34579,4.5,25.54,18.0,0.29,17
34612,7.5,0.0,2.0,0.0,1
34749,5.0,0.0,5.0,0.0,4
34808,62.0,65.22,48.0,0.34,104
34851,12.0,0.16,12.94,0.08,25
34977,8.5,8.059984,5.86,0.36,14
34991,14.0,14.03,16.0,0.26,19
35042,1.5,2.22,5.0,1.0,1
35068,20.0,12.38,25.0,0.19,21
35096,26.5,3.4,7.5,0.07,14
35099,4.0,0.0,4.5,0.0,7
35103,12.0,2.3,6.0,0.32,25
35117,1.5,0.0,40.0,0.0,1
35159,12.0,8.36,5.0,0.17,6
3531,3.0,2.96,41.0,1.0,1
35338,23.0,10.059984,12.0,0.56,9
35395,10.0,61.44,40.0,0.33,49
35403,35.0,53.05992,53.0,0.37,75
35461,3.0,0.0,3.0,0.0,6
35496,4.0,0.0,6.0,0.0,2
35543,5.0,0.0,90.0,0.0,4
35552,4.5,7.92,17.0,0.22,9
35569,3.5,11.7,7.5,0.18,28
35590,8.0,0.0,2.0,0.0,3
35619,7.5,8.26016,30.0,0.83,12
35664,1.5,0.0,2.0,0.0,3
35682,1.5,0.0,1.5,0.0,2
35702,9.5,0.08,16.0,0.2,5
35722,3.5,0.0,3.0,0.0,6
35854,1.5,0.0,4.0,0.0,3
35881,6.5,0.0,4.0,0.0,7
35981,96.0,126.659936,20.0,0.41,111
36000,18.0,0.0,14.0,0.0,3
36009,2.5,0.0,4.0,0.0,5
36041,23.0,66.22,37.5,0.59,39
36322,6.0,0.0,1.0,0.0,1
36330,1.0,2.96,1.5,0.33,3
36425,9.0,104.22016,7.5,0.58,19
36435,44.0,30.42056,20.0,0.23,53
36440,12.0,0.0,6.0,0.0,5
36503,3.0,0.0,3.0,0.0,5
3653,4.5,0.0,20.0,0.0,1
36620,7.0,0.0,5.5,0.0,1
36687,11.0,9.63952,24.0,0.42,26
36721,11.0,2.96,8.0,0.2,5
36768,2.5,0.0,2.0,0.0,4
36771,12.0,2.96,19.5,0.25,4
36797,9.5,35.82,24.0,0.41,27
36838,5.0,0.0,28.0,0.0,8
36917,4.5,0.0,10.0,0.0,1
37001,3.0,0.74,5.0,0.75,8
37012,31.0,30.12,7.5,0.21,57
37111,1.0,0.0,1.0,0.0,4
37126,3.0,26.792,52.0,0.36,56
37195,7.5,0.0,9.0,0.0,11
37230,1.5,0.0,2.5,0.0,1
37239,92.0,10.2,96.3,0.76,17
37243,1.5,2.96,5.0,0.17,6
37272,21.5,1.22,11.0,0.17,29
37302,12.0,12.03,15.0,0.16,25
3733,2.5,0.0,64.0,0.0,2
3734,15.0,8.88,11.0,0.38,8
37344,25.0,9.6,27.0,0.17,24
37379,20.0,0.0,45.0,0.0,1
3749,26.5,20.42,37.5,0.33,45
37511,1.0,1.32,11.0,0.33,6
37515,8.5,1.7992,7.5,0.04,23
37551,16.5,18.4,8.5,0.25,40
37568,35.5,49.804,27.0,0.28,57
3765,102.0,0.0,120.0,0.0,1
37735,3.0,0.0,2.5,0.0,1
37956,6.5,0.0,3.0,0.0,5
38065,24.5,33.29992,45.0,0.37,57
38127,6.0,0.16,5.0,0.12,16
38175,3.0,0.0,3.0,0.0,5
38199,2.5,0.0,20.5,0.0,3
38209,40.0,66.91984,36.0,0.09,54
38238,36.5,46.84,31.0,0.33,46
38290,19.5,1.2,21.5,0.33,9
38358,18.5,4.9850016,19.5,0.18,67
38505,4.0,0.0,4.0,0.0,7
38509,13.0,0.544,10.0,0.38,13
38561,39.5,45.7192,51.65,0.28,43
38572,36.5,25.428,30.0,0.38,64
38589,5.5,6.1,1.5,0.17,6
38608,168.5,253.844136,72.0,0.26,145
38661,3.0,0.0,4.0,0.0,12
38709,4.0,0.0,20.0,0.0,4
38828,2.0,0.0,32.0,0.0,1
38860,4.0,4.1,5.0,0.06,18
38865,63.0,15.28,110.0,0.19,27
38932,10.5,0.34,2.5,0.05,22
3902,70.5,34.34,45.0,0.38,64
39067,1.5,0.72,7.0,0.75,4
39069,15.0,21.0,12.5,0.07,59
39131,3.0,0.0,2.0,0.0,5
39307,4.0,1.61,5.0,0.25,8
39374,3.5,3.66,2.5,0.22,9
39378,19.5,15.16,62.5,0.31,29
39443,5.0,6.02,8.0,0.2,10
39472,49.0,61.1592,9.0,0.35,79
39527,236.5,100.2,22.0,0.28,101
39540,8.5,1.6,10.0,0.43,7
39604,3.0,0.0,22.0,0.0,6
39618,4.0,0.0,6.5,0.0,7
39665,1.5,1.62,1.5,0.25,4
39667,4.0,0.0,4.0,0.0,4
39688,4.0,0.0,7.0,0.0,3
39725,6.0,6.18,36.0,0.22,9
39728,1.0,1.62,2.0,0.5,2
39729,1.0,0.0,6.5,0.0,9
39744,4.0,3.98008,4.0,0.6,15
39756,15.0,35.04,25.0,0.14,28
39774,8.0,0.0,8.0,0.0,8
39786,38.5,13.88,20.0,0.17,47
39803,116.5,180.94056,5.5,0.41,143
39838,8.0,7.62,75.15,0.36,14
39884,15.0,2.3,57.0,0.67,3
39892,44.5,82.3804,30.0,0.23,48
39909,6.0,3.3,6.0,0.4,5
39947,18.0,0.0,22.0,0.0,3
40025,51.5,0.0,20.0,0.0,1
40026,23.0,44.91608,15.0,0.43,21
40173,11.5,4.189992,15.0,0.17,18
40338,44.5,32.53992,48.0,0.35,79
40359,36.5,65.4,39.0,0.33,63
40399,4.0,0.0,3.0,0.0,7
40432,51.0,78.939984,40.0,0.38,97
40496,11.0,10.78,10.0,0.3,20
40514,18.0,12.64,15.0,0.24,45
40624,22.5,72.52,23.0,0.35,54
4075,7.0,64.019968,58.5,0.29,125
40760,47.0,70.3,39.0,0.29,66
40824,18.0,40.0392,19.0,0.32,22
40846,6.5,2.38,38.0,0.2,10
40866,15.0,47.84,37.0,0.33,39
40885,4.0,0.2,32.0,0.4,5
40934,9.0,23.49,49.5,0.62,21
40937,4.5,0.0,8.0,0.0,1
40939,34.0,47.688,18.0,0.23,47
40958,16.5,,42.0,0.55,20
40959,6.0,0.78,4.0,0.08,13
40996,5.0,5.92,5.0,1.0,2
41068,24.0,33.84,26.5,0.47,49
41108,3.0,0.0,10.0,0.0,3
41145,57.0,31.54,60.0,0.35,51
41253,1.5,0.0,6.0,0.0,1
41279,3.5,0.0,7.0,0.0,5
41327,14.0,43.28,45.0,0.6,25
41338,1.0,0.0,1.0,0.0,5
4138,5.0,0.0,6.0,0.0,1
41456,8.5,0.82,3.0,0.08,12
41468,1.5,10.4,5.0,0.1,39
41476,96.5,38.21992,15.0,0.25,142
41485,12.3,0.0,5.0,0.0,8
41719,30.5,0.0,21.0,0.0,2
41727,13.0,6.18,6.0,0.4,5
41754,25.5,0.0,22.5,0.0,1
41791,11.5,39.95,12.0,0.4,55
41883,7.0,38.76,18.5,0.5,18
41920,4.0,0.0,3.5,0.0,2
42192,8.5,0.0,16.0,0.0,3
42195,6.0,0.6,11.0,0.2,5
42306,17.0,18.02032,10.0,0.39,49
42354,192.5,224.020096,280.0,0.29,195
42371,4.0,0.0,4.0,0.0,8
42538,19.0,11.84,8.0,0.13,30
4258,17.0,0.0,2.0,0.0,3
4270,24.0,59.69992,24.0,0.31,72
42820,2.5,0.0,5.0,0.0,5
42977,42.0,25.78,13.0,0.35,57
42996,41.5,71.1608,60.0,0.36,72
42997,6.0,12.7168,15.0,0.33,27
43031,75.5,5.848,3.0,0.23,35
43078,191.0,188.26,677.0,0.24,184
43127,5.0,0.0,4.0,0.0,11
43129,77.5,142.0899976,46.0,0.35,99
43148,4.5,0.0,6.0,0.0,1
43177,7.0,0.0,3.0,0.0,7
43188,3.0,0.0,4.0,0.0,8
43192,9.5,1.44,12.51,0.18,34
43215,4.0,7.88,15.0,0.38,8
43246,0.67,0.0,3.0,0.0,2
43291,23.5,0.08,70.5,0.5,2
43334,3.5,6.36,4.0,0.25,8
43347,13.0,6.77,6.0,0.18,17
43368,32.5,5.28,50.0,0.17,6
43385,17.0,6.82,16.0,0.27,52
43538,3.0,0.0,3.0,0.0,5
43622,6.0,3.82,4.0,0.25,12
43632,37.5,33.9128,7.5,0.46,28
43643,42.0,43.42,42.0,0.15,86
43655,18.5,25.85996,20.0,0.35,51
43662,2.0,0.9,4.0,0.5,4
43676,1.0,0.0,1.0,0.0,1
43711,3.0,0.0,3.0,0.0,3
43712,8.0,1.12,8.0,0.33,3
43776,4.5,3.97992,4.0,0.16,19
43779,45.0,0.0,50.0,0.0,3
43828,2.0,0.0,8.0,0.0,8
43919,19.5,5.14,14.0,0.28,29
43937,24.5,0.0,30.0,0.0,6
43966,13.5,13.76,13.0,0.21,33
44123,3.0,0.0,2.5,0.0,1
4417,39.0,0.78,15.0,0.14,28
44229,7.5,0.0,8.0,0.0,16
44262,3.0,2.96,3.0,1.0,1
44269,2.5,0.0,2.5,0.0,3
44332,2.0,0.0,2.0,0.0,2
44340,3.0,4.58,3.41,0.14,14
44491,0.5,0.0,5.0,0.0,3
44556,1.5,0.34,15.0,0.5,2
44598,3.0,0.0,14.0,0.0,5
44647,49.5,47.6408,37.5,0.29,79
44664,6.0,2.94,15.0,0.44,9
4469,41.0,0.0,25.0,0.0,1
44692,6.0,5.98,6.0,0.12,26
44774,54.0,0.0,65.0,0.0,13
44782,13.5,0.0,8.0,0.0,8
44795,32.0,71.21576,8.0,0.43,53
44809,8.0,4.24,8.0,0.13,30
44882,4.0,0.96,42.0,0.5,4
44937,1.0,3.28,39.54,0.03,101
44963,6.5,0.0,6.0,0.0,5
45042,1.5,0.0,44.0,0.0,2
45049,2.0,0.0,10.0,0.0,3
45061,55.0,157.6524,84.0,0.38,97
45119,1.5,0.82,3.0,0.08,12
45141,23.5,0.0,50.0,0.0,1
45319,4.5,4.92,4.0,0.06,18
45393,6.5,3.476,4.0,0.33,18
45479,35.0,53.6408,68.0,0.23,48
45494,89.5,0.0,104.0,0.0,31
45528,15.0,0.0,16.0,0.0,6
45586,41.0,8.74,42.0,0.24,33
45609,8.0,17.38,8.0,0.28,25
45692,11.5,0.0,10.0,0.0,9
45959,6.0,2.54,7.0,0.27,11
46199,1.0,0.0,1.0,0.0,4
46267,7.0,0.0,32.0,0.0,5
46423,2.0,2.22,7.5,0.2,5
46507,4.0,0.0,6.5,0.0,6
46519,30.0,4.58,38.0,0.16,56
4662,2.0,3.84,3.0,0.4,5
4663,3.0,3.96,15.0,0.17,6
46699,3.0,0.0,4.0,0.0,2
46945,11.0,8.56,10.0,0.56,18
47015,2.0,3.96,2.0,0.33,3
47278,9.5,0.0,10.0,0.0,16
47282,3.0,6.18,4.0,0.25,8
47284,1.5,0.0,7.5,0.0,3
47409,3.5,0.78,3.5,0.12,8
4757,10.0,0.0,31.0,0.0,4
47589,64.0,0.0,80.0,0.0,12
47660,3.5,0.0,1.5,0.0,1
47719,4.0,0.0,2.0,0.0,2
4773,14.0,25.44,46.0,0.31,35
47743,2.0,0.0,13.0,0.0,3
47749,4.0,0.0,6.5,0.0,7
47806,16.0,4.66,9.0,0.15,26
4900,9.0,,92.0,0.73,22
4991,5.5,3.12,9.0,0.11,27
5011,50.0,47.09992,4.0,0.37,19
5050,69.0,72.46,61.0,0.5,18
5059,11.0,14.02,29.0,0.19,16
5096,1.5,0.0,2.0,0.0,2
5098,8.0,3.36,78.0,0.71,7
5112,16.5,69.219984,40.0,0.29,119
5169,7.5,0.32,7.5,0.12,8
5178,21.0,91.419984,16.0,0.45,40
5217,4.0,4.5208,12.0,1.0,7
5260,15.0,18.14,30.0,0.15,20
5275,1.0,2.96,25.0,0.2,5
5299,7.5,69.74,40.0,0.38,50
5313,39.5,42.6016,37.5,0.39,72
5347,84.5,29.68,58.0,0.65,17
5350,2.5,3.96,2.5,0.2,5
5388,1.5,3.96,2.5,0.17,6
5389,31.5,17.196,4.0,0.2,35
5416,46.5,56.96,30.0,0.36,14
5472,37.5,26.609996,23.0,0.25,71
5512,46.5,,25.0,0.32,22
5592,6.0,0.0,30.0,0.0,1
5629,18.68,0.0,80.0,0.0,2
5634,14.0,33.676,10.0,0.06,247
567,4.0,27.78,30.0,0.12,34
5751,18.0,1.08,88.0,0.38,8
5786,6.0,7.38,6.0,0.29,14
5821,4.5,33.86,32.0,0.31,29
5848,31.0,24.0,204.0,0.5,12
5879,2.0,0.0,1.5,0.0,2
5911,63.5,11.118,46.0,0.23,39
5953,21.5,70.44,20.0,0.33,42
6008,5.0,17.86,19.0,0.17,46
6365,17.0,12.56,16.0,0.29,55
6366,363.17,129.3248,34.5,0.17,215
6409,8.0,0.44,16.0,1.0,1
6426,35.0,4.3616,70.0,0.52,25
6559,29.5,13.8,37.5,0.1,41
6577,13.5,3.54,5.0,0.18,17
6637,730.75,202.1232,34.0,0.14,469
6686,5.5,0.0,32.5,0.0,1
6698,7.0,16.14,35.0,0.52,33
6706,24.5,18.3312,25.5,0.25,51
6730,3.0,0.0,28.0,0.0,2
6783,1.0,0.0,1097.0,0.0,1
679,2.0,0.0,27.0,0.0,1
6795,1.0,1.68,7.5,0.71,7
6831,3.0,12.36,3.0,0.33,3
6875,32.0,46.35984,68.0,0.19,64
6890,87.5,50.46,70.5,0.35,54
6903,24.0,29.09992,32.0,0.55,33
6943,137.1,166.4,83.5,0.22,175
6984,9.5,0.0,14.0,0.0,6
6989,2.0,0.22,4.0,0.2,10
6997,1.0,0.0,3.5,0.0,5
7026,21.0,60.539976,2.0,0.48,58
7038,1.0,0.0,80.0,0.0,3
7066,5.0,0.0,14.0,0.0,4
7096,57.5,7.96,3.0,0.38,8
7146,8.0,0.0,15.0,0.0,4
7196,9.5,38.16,4.0,0.33,43
7199,1.0,0.0,4.0,0.0,5
7207,2.0,0.0,2.5,0.0,1
7227,3.5,3.37,6.5,0.29,7
7228,2.0,0.0,50.0,0.0,3
7315,31.5,57.63984,28.0,0.66,32
7348,33.5,80.44,1.0,0.34,50
7363,1.0,0.0,1.5,0.0,3
7453,5.5,47.02,10.5,0.65,20
7456,9.0,0.08,8.0,0.03,35
7534,4.5,0.24,2.5,0.12,8
7585,6.0,4.4,10.0,0.12,8
7586,2.5,0.0,3.5,0.0,2
7593,8.5,2.22,13.0,0.08,13
7632,15.0,47.912,5.0,0.21,14
7646,13.0,4.1,20.0,0.03,32
7661,6.5,2.34,30.0,0.29,7
7670,20.6,30.78,14.0,0.32,28
7695,54.0,35.01192,17.95,0.28,71
7696,51.5,69.86,60.0,0.2,45
7762,16.5,35.672,60.0,0.15,75
7769,4.0,0.0,4.0,0.0,4
777,12.0,0.0,8.0,0.0,14
7834,17.5,29.2,6.0,0.23,26
7856,2.0,9.7,3.0,0.43,7
7911,2.0,27.46,42.0,0.33,57
7922,14.0,0.0,15.0,0.0,5
7959,20.5,,80.0,0.28,50
7984,3.0,9.0,15.0,0.25,4
8011,3.0,2.96,3.0,0.5,2
8067,91.0,,106.0,0.28,129
8106,5.0,0.24,5.0,0.25,4
8130,44.5,,68.0,0.57,7
8152,4.0,1.94,1.5,0.22,9
8223,96.5,35.24,65.0,0.4,15
8339,73.5,30.16,61.0,0.27,146
8395,3.5,0.24,2.5,0.29,7
8550,82.5,161.150008,40.0,0.34,86
8578,532.5,335.56,2.0,0.17,260
8717,51.0,0.0,30.0,0.0,1
8741,2.5,0.0,3.5,0.0,7
8888,52.0,52.26,30.0,0.38,24
8894,74.5,,60.0,0.15,136
8911,41.0,0.88,30.0,0.1,10
8951,37.5,50.3004,19.0,0.35,46
8973,369.0,769.26,6.0,0.28,170
8990,105.5,91.07952,255.0,0.31,153
8993,26.0,7.36,21.0,0.11,18
9034,16.5,16.54,20.5,0.54,37
9048,3.0,0.0,20.0,0.0,1
9174,10.0,3.96,14.0,0.5,2
9185,4.5,8.79,6.0,0.17,12
9201,20.5,57.259984,22.5,0.5,60
9227,13.0,1.8,61.0,0.17,29
9257,9.5,7.36,64.0,0.22,9
9379,75.0,12.27,72.0,0.15,47
9423,39.5,32.72,114.0,0.41,74
9435,17.0,3.48,13.6,0.18,39
9561,1.0,6.5216,4.5,0.18,22
9590,0.5,0.0,1.0,0.0,1
9636,3.0,5.06,10.0,0.38,8
9683,8.5,0.0,35.0,0.0,1
9713,3.0,0.0,15.0,0.0,1
974,2.0,0.0,15.0,0.0,2
9741,62.5,,25.0,0.43,75
975,9.0,0.0,4.0,0.0,2
9778,84.0,1.072,75.0,0.5,8
9788,1.5,31.3,28.0,0.25,8
980,1.0,0.44,17.5,0.2,5
985,10.0,0.48,41.0,0.5,2
9887,2.5,0.0,2.0,0.0,3
9908,7.5,17.7,6.9,0.19,16
9912,3.5,2.96,3.5,0.1,10
9980,11.5,3.54,15.0,0.16,25
